darkness,rainy,throttle_position,average_speed,std_speed,relative_distance,relative_speed,relative_acc,time_of_max_a_to_conflict,max_a_before_conflict,quasi_time_head_way,normal_acc,normal_dec,Brake Duration,prediction,probability
0,0,1,0.2088673180323159,0.0974671368160051,0.0860719907203317,0.0666666666666666,0.4615384615384616,0.0,0.2802197802197803,0.0024326739247313,0.1763316120226183,0.6036147334706017,1,1,0.8056753365478613
1,0,0,0.3244805603191755,0.5039440091525519,0.2086593679853321,0.1999999999999999,0.4615384615384616,0.0,0.4835164835164836,0.06461704498833,0.1763316120226183,0.7811484786090139,1,1,0.5
0,0,0,0.0024540546248804,0.0078198208856073,0.0096504950153766,0.1,0.5384615384615385,0.2222222222222222,0.4038461538461538,0.0408074742771581,0.1763316120226183,0.652436513383665,1,1,0.8145877301602775
0,0,0,0.0,0.0,0.0555555523858171,0.3666666666666666,0.4768197583614587,0.0,0.5521978021978022,0.0408074742771581,0.1763316120226183,0.854381148478609,1,1,0.6477478360031628
0,0,0,0.2708185527668322,0.0100417406757092,0.0279081882877109,0.3666666666666666,0.5,0.0,0.3461538461538461,0.0026557534917431,0.1763316120226183,0.6539159612598185,1,1,0.757265699963668
0,0,0,0.0060593848040402,0.0024135095181338,0.0365153865446685,0.4666666666666667,0.576923076923077,0.0,0.7032967032967034,0.144511100294902,0.221288931836765,0.7750249696274032,0,0,0.18538424205248524
0,0,0,0.0,0.0,0.0284298366669205,0.4,0.5000000000000001,0.2222222222222222,0.5631868131868132,0.0408074742771581,0.1763316120226183,0.9098604438343628,1,1,0.4932127250015899
1,0,0,0.0251404251775285,0.0010570296007594,0.0271257157188966,0.0333333333333333,0.4230769230769232,0.2222222222222222,0.5368471734451117,0.0335991449457676,0.1763316120226183,0.8673072523450012,1,1,0.7351457697344618
0,0,0,0.0062169351109575,0.0102301700608797,0.0346896172174351,0.5,0.5384615384615385,0.0,0.554945054945055,0.0408074742771581,0.1763316120226183,0.8965454129489819,1,1,0.5667858191464279
0,0,0,0.0,0.0,0.0091288466361671,0.0,0.4423076923076924,0.0,0.5384615384615385,0.0408074742771581,0.1763316120226183,0.86991535117822,1,1,0.7872875440047439
0,0,1,0.1004526425225844,0.1504012865773933,0.454616595084147,0.2333333333333333,0.5000000000000002,0.0,0.6642970431630225,0.0564737649920224,0.0966327213260982,0.7750249696274032,0,0,0.2121724787225187
0,0,0,0.0,0.0,0.0135628578594483,0.0333333333333333,0.4615384615384616,0.2222222222222222,0.6648351648351648,0.0408074742771581,0.1203449044822715,0.7750249696274032,1,0,0.31184682573176825
0,0,0,0.0,0.0,0.0250391222020584,0.3333333333333333,0.5384615384615385,0.0,0.576923076923077,0.0408074742771581,0.1763316120226183,0.8610386639212995,1,1,0.6232739886045999
0,0,0,0.0,0.0,0.0224308803060106,0.2333333333333333,0.4768197583614587,0.1111111111111111,0.6208791208791209,0.0408074742771581,0.0049803017914219,0.7750249696274032,1,0,0.2743157813502511
0,0,0,0.0,0.0,0.0148669788074721,0.0,0.4230769230769231,0.7777777777777777,0.5412087912087913,0.0408074742771581,0.1763316120226183,0.883230382063601,1,1,0.6805722122376434
0,0,0,0.0231226425676408,0.0051351573488802,0.0279081882877109,0.3666666666666666,0.5,0.2222222222222222,0.4368131868131868,0.0470885249826214,0.1763316120226183,0.7056966369251887,1,1,0.7063379606455287
0,0,0,0.0113977192781981,0.0004597458324865,0.0159102755658912,0.1333333333333333,0.576923076923077,0.2222222222222222,0.592075450322873,0.0451262441253409,0.1763316120226183,0.9565316861130176,0,1,0.6204647583436398
0,0,0,0.0,0.0,0.0070422531193289,0.0333333333333333,0.4615384615384616,0.0,0.6189815339299876,0.0408074742771581,0.0,1.0,1,1,0.5
0,0,0,0.0997164163189017,0.0014356141145851,0.0354720897862494,0.4,0.5192307692307693,0.0,0.695054945054945,0.0094308220834112,0.1996580688322307,0.7750249696274032,0,0,0.10034552684162124
0,0,0,0.0128762086599406,0.0024135407974173,0.0430359912847879,0.3666666666666666,0.5,0.7777777777777777,0.4065934065934066,0.1283746223131981,0.1763316120226183,0.6568748570121254,0,1,0.6295187077598883
0,0,0,0.0,0.0,0.0349504414070398,0.4,0.5000000000000001,0.0,0.6181318681318682,0.0408074742771581,0.1763316120226183,0.9986273164035688,1,1,0.5176791511185025
0,0,0,0.0,0.0,0.0258215947708727,0.0,0.4615384615384616,0.1111111111111111,0.5368471734451117,0.0408074742771581,0.2452984464431725,0.8673072523450012,0,1,0.8260019302476455
0,0,0,0.0,0.0,0.0339071446486207,0.4333333333333333,0.5,0.1111111111111111,0.6043956043956045,0.0408074742771581,0.1763316120226183,0.9764355982612676,1,0,0.4288543641345457
0,0,0,0.0559524454472736,0.0017355600060272,0.0307772543733634,0.2333333333333333,0.576923076923077,0.2222222222222222,0.5576923076923077,0.0152300662640423,0.1763316120226183,0.9009837565774422,0,1,0.5
0,0,1,0.0,0.0,0.0310380785629682,0.4,0.4615384615384616,0.0,0.6071428571428572,0.1524199312505734,0.1763316120226183,0.9808739418897278,0,0,0.17284334033308246
0,0,1,0.1264928910013086,0.0008288325218073,0.0349504414070398,0.4333333333333333,0.5,0.2222222222222222,0.6346153846153846,0.0071308353142984,0.0410317401323124,0.7750249696274032,0,0,0.1519405019796282
0,0,0,0.0374877314193049,0.0085195942486923,0.0184955876428429,0.0,0.4761862186694937,0.6620601663203552,0.3158064438782594,0.0366351555953339,0.1763316120226183,0.510203336557016,1,1,0.764725928261004
0,0,0,0.0,0.0,0.0164335242582061,0.0187288897381257,0.4682337066638541,0.0624296324604192,0.6538461538461539,0.0408074742771581,0.0915037538095592,0.7750249696274032,1,0,0.25805364569053485
0,0,1,0.0,0.0,0.0344287930278303,0.6333333333333333,0.5384615384615385,0.0,0.532967032967033,0.0408074742771581,0.1491860551549839,0.5769846716998399,1,0,0.3536734217915103
0,0,0,0.0,0.0,0.0273865399085014,0.3666666666666666,0.5384615384615385,0.0,0.6181318681318682,0.0408074742771581,0.1763316120226183,0.9986273164035688,0,1,0.5519632424347434
0,0,0,0.0,0.0,0.026604067339687,0.0333333333333333,0.4615384615384616,0.1111111111111111,0.6538461538461539,0.0408074742771581,0.0915037538095592,0.7750249696274032,1,0,0.27368917179251384
1,0,0,0.0002181360074963,0.0006950882388798,0.0198226384099629,0.1,0.4768197583614587,1.0,0.456128922623768,0.0408074742771581,0.0,0.868451155342027,0,1,0.7034258695500398
0,0,0,0.0105797043419774,0.0169872261905751,0.0193009900307533,0.2666666666666666,0.4615384615384616,0.2222222222222222,0.467032967032967,0.0408074742771581,0.1763316120226183,0.6036147334706017,1,1,0.6923031753216097
0,0,0,0.0034356764748325,0.0015049101819356,0.0273865399085014,0.3666666666666666,0.5384615384615385,0.0,0.674209810807749,0.1477949306684537,0.1449490819891474,0.7750249696274032,0,0,0.2153140772249238
0,0,0,0.0163603674379423,0.0075246050865964,0.0250391222020584,0.2333333333333333,0.5000000000000002,0.4444444444444445,0.4340659340659341,0.0408074742771581,0.5818033152456701,0.7012582932967284,1,1,0.6240749703196873
0,0,0,0.0,0.0,0.0164319239451008,0.0,0.4615384615384616,0.0,0.6868131868131868,0.0408074742771581,0.1780272058276964,0.7750249696274032,0,0,0.20745029895691353
0,0,1,0.0184326791415948,0.004064227132619,0.0328638478902016,0.3666666666666666,0.5,0.0,0.6730769230769231,0.037034211780338,0.1419757674868059,0.7750249696274032,0,0,0.13975745653414456
0,0,0,0.0807111277035743,0.0112952789226985,0.0200834625995676,0.2333333333333333,0.5384615384615385,0.1111111111111111,0.2692307692307692,0.0077519943772373,0.1763316120226183,0.6546556851978953,1,1,0.8712479184909744
0,0,0,0.1956426925129532,0.1566145067543786,0.0573813217130505,0.0,0.4615384615384616,0.0,0.1483516483516483,0.0067818132801762,0.1763316120226183,0.2396705559368566,1,1,0.7576221066290096
0,0,1,0.0,0.0,0.0372978591134828,0.4333333333333333,0.5384615384615385,0.2222222222222222,0.7115384615384616,0.0408074742771581,0.2429197948412992,0.7750249696274032,0,0,0.10440635621219403
0,0,0,0.148115841155248,0.0169304645967483,0.0307772543733634,0.3333333333333333,0.4768197583614587,0.2222222222222222,0.1263736263736263,0.0061104749782661,0.1763316120226183,0.2041638069091741,0,1,0.7526622213412802
0,0,0,0.0804111931473214,0.0026454238186465,0.0187793416515438,0.1666666666666666,0.5,0.3333333333333333,0.6401098901098902,0.0068369603851163,0.0554523154686686,0.7750249696274032,0,0,0.19257043049950615
0,0,0,0.0,0.0,0.0237350012540345,0.0333333333333333,0.4230769230769232,0.1111111111111111,0.6458876175371021,0.0408074742771581,0.0706162194306102,0.7750249696274032,0,0,0.28518317506882684
0,0,0,0.3094835576524132,0.0074098555263809,0.033646320459016,0.3333333333333333,0.5000000000000001,0.4444444444444445,0.5879120879120879,0.0025902177670119,0.1763316120226183,0.9498055364905056,0,0,0.04889663522359833
0,0,0,0.0669956814430171,0.0005213005395181,0.0299947818045491,0.4333333333333333,0.5384615384615385,0.2222222222222222,0.6648351648351648,0.0121425609297058,0.1203449044822715,0.7750249696274032,0,0,0.10875273231027996
1,1,0,0.0223809781789094,0.0010835461663968,0.0099113192049814,0.0333333333333333,0.5000000000000001,0.6666666666666665,0.6841225784524754,0.0235058091660191,0.1709655838846354,0.7750249696274032,0,1,0.5620916370603933
0,0,0,0.0092163395707974,0.0004597458324865,0.0174752207035199,0.0666666666666666,0.5384615384615384,0.2222222222222222,0.6642970431630225,0.0563788751384451,0.1189325800936594,0.7750249696274032,0,0,0.26692465840217683
0,0,1,0.0280034921786285,0.0031615192835736,0.0200834625995676,0.2666666666666666,0.5,0.6666666666666665,0.6840659340659341,0.0159968948470957,0.1708169181595183,0.7750249696274032,0,0,0.09043772248111377
0,0,0,0.0723400725239891,0.0054205164570683,0.0318205511317825,0.3,0.4768197583614587,0.2222222222222222,0.4285714285714286,0.0128467722973854,0.1763316120226183,0.6923816060398078,0,1,0.6949373221262145
1,0,0,0.004308220504818,0.0019583255359601,0.0326030237005969,0.3,0.5,0.2222222222222222,0.4532967032967033,0.3141465259380979,0.2527317326990262,0.6762754518416838,1,1,0.6247983055128705
0,0,0,0.0063532725696974,0.0101248374268078,0.0239958254436393,0.3,0.5384615384615385,0.2222222222222222,0.576923076923077,0.0908202043148827,0.1763316120226183,0.9320521619766644,1,1,0.5482861111795035
0,0,1,0.2546327078775929,0.3484512186626626,0.3729785992855846,0.0666666666666666,0.3846153846153846,0.0,0.6572164948453608,0.025311240540059,0.1003493644540251,0.7750249696274032,0,0,0.23412099962354263
0,0,0,0.0,0.0,0.023213352874825,0.3333333333333333,0.5384615384615385,0.0,0.6161493146029229,0.0408074742771581,0.1763316120226183,0.9954243880118966,1,1,0.5895027944557139
0,0,0,0.0,0.0,0.0062597805505146,0.0,0.4230769230769231,0.1111111111111111,0.6181318681318682,0.0408074742771581,0.1763316120226183,0.9986273164035688,1,1,0.7487384631854234
1,0,0,0.0333741209647358,0.0895295958438717,0.2577221156280224,0.0070909298341409,0.4533566194221451,0.134747543891581,0.581374827054396,0.03927406155185,0.1763316120226183,0.9392442184230892,1,1,0.7606951953187778
1,0,0,0.0689098538666423,0.0028667936903433,0.0318205511317825,0.1333333333333333,0.4768197583614587,0.2222222222222222,0.5141894188285941,0.0121662625090717,0.1763316120226183,0.8307023564401739,0,1,0.7041918814665936
0,0,0,0.0,0.0,0.0125195611010292,0.0333333333333333,0.5000000000000001,0.0,0.5274725274725275,0.0408074742771581,0.1763316120226183,0.8521619766643789,1,1,0.793060622937181
0,0,0,0.0068577302422409,0.0119326250879247,0.0235088362676662,0.3,0.5,0.2074574008010802,0.4490155175534084,0.0399146890050746,0.1763316120226183,0.7254101987543237,1,1,0.7672846502629919
0,0,0,0.0071440180509264,0.0004597694774024,0.0346896172174351,0.3666666666666666,0.6153846153846154,0.1111111111111111,0.6062365469581965,0.1204001073484312,0.1763316120226183,0.9794097460535348,0,0,0.4420021442350243
1,0,0,0.0336478079996349,0.0001737564200781,0.0386019800615067,0.5333333333333333,0.576923076923077,0.0,0.6161493146029229,0.0294509900013563,0.0371664312792685,0.9954243880118966,0,0,0.4021661375826895
1,0,1,0.0956099681853413,0.0006255856708485,0.0315597269421778,0.3666666666666666,0.6153846153846154,0.0,0.6359748498923757,0.0085079857476478,0.0445997175351222,0.7750249696274032,0,0,0.061623105710593255
0,0,0,0.0690952724178798,0.0371336366928018,0.0461658815600452,0.3666666666666666,0.4615384615384616,0.3333333333333333,0.3901098901098901,0.0153972795856673,0.1763316120226183,0.6302447952413636,1,1,0.713376954241038
0,0,0,0.1027976291437166,0.2480906237007493,0.1964006310739076,0.5333333333333333,0.4615384615384616,0.6666666666666665,0.4148351648351648,0.0647264856073259,0.1763316120226183,0.6701898878975063,1,1,0.7647282257422412
0,0,0,0.0155441507382742,0.0122955167720635,0.0343374476374499,0.1883260584433228,0.4480685289730649,0.7777777777777777,0.4072795906037794,0.0414110936033276,0.3086165520972345,0.6579834264487872,1,1,0.7226049165170352
0,0,1,0.078202524352492,0.0,0.0284298366669205,0.4,0.5384615384615385,0.0,0.6648351648351648,0.0098537640770146,0.1203449044822715,0.7750249696274032,0,0,0.12330425734248332
0,1,0,0.0057806630959648,0.0010570296007594,0.0401669251991354,0.4333333333333333,0.4615384615384616,0.4444444444444445,0.5779143536875496,0.1400502830167225,0.1763316120226183,0.9336536261725006,1,0,0.24950704702233267
0,0,0,0.0,0.0,0.0255945122071228,0.3,0.5384615384615385,0.0,0.5456459779821967,0.0408074742771581,0.1763316120226183,0.8815222233171082,1,1,0.7364749114419352
0,0,1,0.0177237223929039,0.0008688759382416,0.0320813753213873,0.4,0.6153846153846155,0.0,0.6181318681318682,0.042708670862953,0.1763316120226183,0.943887744985892,0,0,0.2062625615645185
0,0,0,0.0687135196804334,0.0075246321752343,0.0346896172174351,0.3,0.5384615384615385,0.1111111111111111,0.3461538461538461,0.0149841755294005,0.1763316120226183,0.5592312971859986,0,1,0.7639148844917342
0,0,0,0.0683590658466341,0.0025197026857603,0.0226917044956154,0.1666666666666666,0.653846153846154,0.1111111111111111,0.5494505494505495,0.0098435780852627,0.1763316120226183,0.8876687256920613,0,1,0.5579920287264735
0,0,0,0.0,0.0,0.0259793254946994,0.0,0.4621695423089375,0.0,0.5939364396013438,0.0408074742771581,0.1763316120226183,0.9595382205190688,1,1,0.7469032613951817
0,0,0,0.1848721118022525,0.1902882643748646,0.0871152874787508,0.0333333333333333,0.4230769230769232,1.0,0.3351648351648352,0.0135694033476668,0.1763316120226183,0.5414779226721574,1,1,0.8193049929321022
0,0,1,0.2831433648012177,0.4511167712498621,0.7044861524240098,0.4333333333333333,0.4615384615384616,0.0,0.6474155998640535,0.0408074742771581,0.0746264773656433,0.7750249696274032,0,0,0.2532299828475835
0,1,0,0.0005998789287242,0.0010570270294212,0.0247782980124536,0.3,0.5384615384615385,0.0,0.6458876175371021,0.4489953532568894,0.0706162194306102,0.7750249696274032,0,0,0.05218006670612907
0,0,1,0.1780280381237975,0.3417370823821344,0.2782994103082953,0.0,0.4230769230769231,0.0,0.3104395604395605,0.0089873205349853,0.1763316120226183,0.5015328300160147,1,1,0.7691591019650513
0,0,0,0.1372634618957907,0.4373886690544923,0.2410015674963242,0.3333333333333333,0.6153846153846155,0.1111111111111111,0.7005494505494505,0.0408074742771581,0.2140786441685868,0.7750249696274032,0,0,0.16872449424906882
0,0,0,0.0208322046727104,0.0028606624381631,0.0279081882877109,0.0333333333333333,0.5000000000000001,0.1111111111111111,0.5192307692307693,0.0425673470721546,0.1763316120226183,0.838846945778998,1,1,0.768219832385543
0,0,0,0.0,0.0,0.0234741770644297,0.2666666666666666,0.4768197583614587,0.0,0.6181318681318682,0.0408074742771581,0.1763316120226183,0.9986273164035688,1,1,0.6443897528862463
0,0,0,0.082019953564771,0.008954422567508,0.0399061010095306,0.1999999999999999,0.4615384615384616,0.8888888888888888,0.3873626373626374,0.0148056867711758,0.1763316120226183,0.6280256234271334,0,1,0.7352181055065031
0,0,1,0.2618967193834575,0.8345313161912977,0.2159624371435098,0.0,0.4615384615384616,0.0,0.682706468788943,0.0408074742771581,0.139374117297257,0.7750249696274032,0,0,0.21930860618803358
0,0,0,0.0935267506629358,0.0034656940976904,0.0388628042511115,0.5333333333333333,0.3846153846153847,0.3333333333333333,0.5714285714285715,0.0064470198520207,0.1763316120226183,0.9231754747197438,1,0,0.13993872812134867
0,0,0,0.1581904870749345,0.1394130716122117,0.0711324832844549,0.0847195494620753,0.4527228169973513,1.0,0.275873047323979,0.0254341391301096,0.1658698061316034,0.5551621037688986,1,1,0.8161058389515888
1,0,0,0.0057261143697629,1.8416762701124922e-18,0.0320813753213873,0.3,0.5,0.0,0.6189815339299876,0.1533569929995715,0.0334497881513416,1.0,0,0,0.4264427194026372
0,0,0,0.0,0.0,0.0542514314377932,0.0,0.4576923076923078,0.0,0.6288943015747139,0.0408074742771581,0.0260165018954879,0.7750249696274032,0,0,0.2233226749417128
1,0,0,0.0471178487977041,0.0339376622812131,0.0365153865446685,0.6,0.5,0.0,0.7917469128809336,0.0111510979797288,0.4534304616070764,0.7391901166781057,0,0,0.12904224616545754
0,0,0,0.0,0.0,0.0221700561164059,0.2666666666666666,0.5769230769230771,0.1111111111111111,0.6648351648351648,0.0408074742771581,0.1203449044822715,0.9453671928620452,0,0,0.2979050423276062
0,0,0,0.1004526327063659,0.0114641549003553,0.0229525286852202,0.2666666666666666,0.4615384615384616,0.1111111111111111,0.3763736263736263,0.0076781557933152,0.1763316120226183,0.608053077099062,1,1,0.7535945570646555
0,0,0,0.0,0.0,0.0219092319268011,0.2666666666666666,0.5384615384615385,0.1111111111111111,0.6159214625580606,0.0408074742771581,0.0162276072251542,0.9950562800274536,1,0,0.3620643121578608
0,0,0,0.0572612614922519,0.0,0.0292123092357348,0.2666666666666666,0.4615384615384616,0.1111111111111111,0.6428571428571429,0.0145781173229989,0.0626626031368468,0.7750249696274032,0,0,0.1695404779819566
0,0,0,0.014969723395552,0.004063298123988,0.031298902752573,0.3,0.4615384615384616,0.2222222222222222,0.6703296703296704,0.0440766762661153,0.1347654798186277,0.7750249696274032,0,0,0.20567222592779236
0,0,1,0.0,0.0,0.033646320459016,0.3666666666666666,0.5307692307692309,0.1111111111111111,0.6787461765039084,0.0408074742771581,0.1568549765851483,0.7750249696274032,0,0,0.15098568432974918
0,0,0,0.0730762987276718,0.0089543954033025,0.035993738165459,0.2666666666666666,0.4615384615384616,0.2222222222222222,0.3818681318681318,0.0143868416234142,0.1763316120226183,0.6169297643559826,0,1,0.7445317341169234
0,0,0,0.2476686407441997,0.0102360740809735,0.0315597269421778,0.4,0.5384615384615385,0.0,0.3461538461538461,0.0032641094962558,0.1763316120226183,0.6243270037367499,1,1,0.7393184049542162
0,1,1,0.4701690778020556,0.6614358290622582,0.2487660878169812,0.2644839666070001,0.4948774951837019,0.0,0.1114106819482889,0.0476780655181184,0.1763316120226183,0.1799903160938085,1,0,0.33637807337827097
0,0,1,0.1712268245330157,0.3374089240273397,0.2494368545487699,0.3972680704828678,0.4615384615384616,1.0,0.4269390256319334,0.0217645908231522,0.1763316120226183,0.6897443659122536,1,1,0.8641708597499497
0,0,1,0.0,0.0,0.033646320459016,0.4666666666666667,0.5000000000000001,0.0,0.5989010989010989,0.0408074742771581,0.1763316120226183,0.9675589110043468,1,0,0.18222554311229253
0,1,0,0.0080492991696077,0.0022555812134401,0.0263432431500823,0.1333333333333333,0.576923076923077,0.2222222222222222,0.6062365469581965,0.0771164309208147,0.1763316120226183,0.9794097460535348,0,0,0.3346021683540911
0,0,0,0.2622297614323003,0.0099520738700153,0.0288797277080914,0.3744268382297143,0.5,0.0,0.3435955478363579,0.0028777309758089,0.1763316120226183,0.627739807170234,1,1,0.7542350926396304
0,0,0,0.0,0.0,0.0226917044956154,0.3,0.5384615384615385,0.0,0.5521978021978022,0.0408074742771581,0.1763316120226183,0.8921070693205216,1,1,0.7296661113221715
0,0,0,0.0,0.0,0.0258215947708727,0.3,0.4615384615384616,0.0,0.6181318681318682,0.0408074742771581,0.1763316120226183,0.9986273164035688,1,1,0.6175228613322018
0,0,0,0.0,0.0,0.0127803852906339,0.0,0.4615384615384616,0.3333333333333333,0.5934065934065934,0.0408074742771581,0.1763316120226183,0.9586822237474262,0,1,0.7470545260969836
1,0,0,0.0410791095444215,1.2331332048995101e-17,0.0267571176091962,0.2326072251525252,0.5447321586831779,0.0,0.6343752725008593,0.01864530208242,0.0404015551520362,0.7750249696274032,1,0,0.1774073124436476
0,0,0,0.0,0.0,0.0255607705812679,0.3333333333333333,0.5000000000000001,0.3333333333333333,0.5274725274725275,0.0408074742771581,0.1763316120226183,0.8521619766643789,0,1,0.5813001964583565
0,0,1,0.0452636829177665,0.0008688759382415,0.0305164301837587,0.4,0.5384615384615385,0.0,0.5961538461538461,0.0178343908649837,0.1763316120226183,0.9631205673758864,0,0,0.19565467552227564
1,1,0,0.0491356314075918,0.0019583519040525,0.0284298366669205,0.3666666666666666,0.5,0.0,0.369746233148295,0.0186002607541706,0.1763316120226183,0.5081217112788836,0,1,0.5435744107010296
0,0,0,0.1728745234115486,0.1651468230354819,0.1557120493448067,0.3333333333333333,0.4615384615384616,0.8888888888888888,0.2802197802197803,0.008897504630126,0.1763316120226183,0.4527110501029513,1,1,0.8540692643061429
0,0,1,0.5065168843915382,0.0086411611629706,0.0133020336698435,0.1666666666666666,0.4615384615384616,0.1111111111111111,0.5659340659340659,0.0004352713058875,0.1763316120226183,0.7308472508197972,0,0,0.17747686911640378
0,0,0,0.0,0.0,0.0302556059941539,0.0,0.4615384615384616,0.3333333333333333,0.6062365469581965,0.0408074742771581,0.1763316120226183,0.8467169983985359,1,1,0.6194600219419085
0,0,0,0.0022722582582692,0.0,0.0211267593579868,0.2666666666666666,0.5,0.1111111111111111,0.6016483516483517,0.0408074742771581,0.1763316120226183,0.8299702585220774,1,1,0.5118044552162784
0,0,0,0.0006544178387076,0.0010852211912192,0.026604067339687,0.0666666666666666,0.5384615384615384,1.0,0.5226860768097882,0.0408074742771581,0.1763316120226183,0.8444291924044841,0,0,0.4624174699063115
0,0,1,0.0621148514644664,0.0008288341614478,0.0310380785629682,0.3,0.5,0.2222222222222222,0.5896687719496998,0.0141183918019034,0.1763316120226183,0.9526435598261268,0,0,0.1883629279914316
1,0,0,0.0054534590847202,0.0086886968238489,0.0193009900307533,0.1,0.4615384615384616,0.0,0.7197802197802198,0.0915106341984526,0.1491860551549839,0.7750249696274032,0,0,0.1284495772000758
0,0,0,0.0584337597109272,0.0085996177105012,0.0372978591134828,0.2666666666666666,0.4615384615384616,0.0,0.3434065934065934,0.0198193533199605,0.1763316120226183,0.5547929535575384,1,1,0.785822345675539
0,0,0,0.0242133422375596,0.005116748795637,0.0179968690827294,0.1,0.5384615384615385,0.2222222222222222,0.4835164835164836,0.0271685583665818,0.1763316120226183,0.7811484786090139,1,1,0.7684240376898291
1,0,0,0.0669138927104791,0.0013793143430941,0.0286906608565252,0.4,0.5384615384615385,0.0,0.4688739095955591,0.0127157092519441,0.3382145246413439,0.7574925646305193,1,1,0.8058438958063717
0,0,0,0.0,0.0,0.0203442867891724,0.0333333333333333,0.4230769230769231,0.1111111111111111,0.6444715078735698,0.0408074742771581,0.0668995763026833,0.7750249696274032,0,0,0.28831344521533075
0,0,0,0.0283579558286462,0.0075746309988425,0.0174752207035199,0.1666666666666666,0.576923076923077,0.2222222222222222,0.3241758241758242,0.0238175370926317,0.1763316120226183,0.5237245481583163,1,1,0.777367254652181
0,0,0,0.0062714642047224,0.0017377518764832,0.0349504414070398,0.4333333333333333,0.5,0.2222222222222222,0.5054945054945055,0.0408074742771581,0.1763316120226183,0.854381148478609,0,1,0.5797574137542121
0,0,0,0.0163603772541608,0.0,0.0174752207035199,0.0,0.4768197583614587,0.2222222222222222,0.4313186813186813,0.0311640437757386,0.1763316120226183,0.6968199496682681,1,1,0.8057514599679082
0,0,0,0.0552162290598095,0.0,0.0234741770644297,0.2333333333333333,0.5384615384615385,0.0,0.6291208791208791,0.012117464800922,0.0266111647959562,0.7750249696274032,0,0,0.17355972036791253
0,0,0,0.0,0.0,0.0307772543733634,0.0,0.4615384615384616,1.0,0.6181318681318682,0.0408074742771581,0.1763316120226183,0.9986273164035688,0,0,0.2998230917140204
0,0,0,0.0,0.0,0.0119979127218196,0.1,0.5000000000000001,0.2222222222222222,0.5631868131868132,0.0408074742771581,0.1763316120226183,0.9098604438343628,0,1,0.7446334731870962
1,0,0,0.0172765445591581,0.0054537294395121,0.0258215947708727,0.2666666666666666,0.5384615384615385,0.2222222222222222,0.7435991843208338,0.0330033909354446,0.3270645952575634,0.7750249696274032,0,0,0.19294559428899713
0,0,0,0.0925723884517568,0.0098688134635156,0.0618153410870876,0.5333333333333333,0.4230769230769231,0.7777777777777777,0.2802197802197803,0.0161407228560187,0.0626626031368468,0.52964233966293,1,1,0.7985602508555855
0,0,0,0.047172377891469,0.0082884940837286,0.0119979127218196,0.0,0.4615384615384616,0.1111111111111111,0.3241758241758242,0.0102855798084084,0.1763316120226183,0.5326012354152367,1,1,0.7688242042804753
0,0,0,0.0,0.0,0.0245174738228488,0.2666666666666666,0.5384615384615385,0.0,0.6043956043956045,0.0408074742771581,0.1763316120226183,0.9764355982612676,1,1,0.6594832792458103
0,0,0,0.0022722582582692,0.0,0.0255607705812679,0.2666666666666666,0.5384615384615385,0.2222222222222222,0.717032967032967,0.1614340826084339,0.1708169181595183,0.7750249696274032,0,0,0.1322632407123556
0,0,0,0.0262038553924557,0.0093406591694978,0.0412102219575545,0.0333333333333333,0.4615384615384616,0.6666666666666665,0.3822933896000906,0.0408074742771581,0.3813134616814093,0.6176167924959963,0,1,0.7249757450516888
0,0,0,0.0031389576791872,0.0001817171490901,0.0245693016585865,0.3,0.5359140008518514,0.0,0.6866312198410663,0.0390409441808863,0.1775496253734013,0.6937112044418129,1,0,0.19713297040079134
0,0,0,0.0444729178041005,0.0076756286051517,0.0331246720798064,0.1333333333333333,0.4615384615384616,0.2222222222222222,0.4642857142857143,0.0230531856960552,0.1763316120226183,0.7500800732097919,1,1,0.7603808296170114
0,0,1,0.0,0.0,0.0315597269421778,0.4,0.4666979362101314,0.0,0.5989010989010989,0.0408074742771581,0.1763316120226183,0.9675589110043468,1,0,0.20194250376986733
0,0,0,0.1349184752746585,0.0017954076315166,0.0258215947708727,0.0,0.4615384615384616,0.0,0.554945054945055,0.0046186742163558,0.1763316120226183,0.8965454129489819,0,1,0.5495981294977261
0,0,0,0.0330479388871292,0.0289474077014186,0.0284298366669205,0.6333333333333333,0.4615384615384616,0.0,0.695054945054945,0.0363050687278196,0.1996580688322307,0.7750249696274032,0,0,0.13239167568812865
0,0,0,0.0118067316544177,0.018854460083247,0.0279081882877109,0.3333333333333333,0.5000000000000001,0.0,0.7225274725274725,0.0392478268329413,0.2717609455140117,0.7750249696274032,0,0,0.20138730908752842
1,1,1,0.0536619977361247,0.000902946109248,0.0281690124773157,0.3666666666666666,0.5384615384615385,0.0,0.7152769910501869,0.0143098981422301,0.2527317326990262,0.7750249696274032,0,0,0.04218992529040951
0,0,0,0.0760756933712931,0.0026065965354412,0.0242566496332441,0.0333333333333333,0.4618018967334036,0.0,0.5164835164835165,0.0086890539020011,0.1763316120226183,0.8344086021505377,1,1,0.6901566774150112
1,0,0,0.0037628804860771,0.0059970789712636,0.0305164301837587,0.1999999999999999,0.4230769230769231,0.0,0.719525320040784,0.0408074742771581,0.2638816620828067,0.7750249696274032,0,0,0.19844916247140926
0,0,0,0.012943836124684,0.0003029715373035,0.032681886014435,0.3666666666666666,0.5,0.0,0.6015835678981721,0.0348535110803971,0.1763316120226183,0.9718925927864864,1,1,0.5571266377461084
0,1,0,0.0,0.0,0.0500782444041168,0.6666666666666666,0.5000000000000001,0.4444444444444445,0.6062365469581965,0.0408074742771581,0.1763316120226183,0.9794097460535348,1,0,0.16826624783899963
0,0,1,0.1254294607863814,0.0247437081960603,0.0485132992664882,0.3333333333333333,0.5000000000000001,0.0,0.3351648351648352,0.0064812247935159,0.1763316120226183,0.5326012354152367,1,1,0.6621622885907439
0,0,0,0.2100670758897644,0.0065313061512416,0.0078247256881432,0.1,0.5000000000000001,0.0,0.369746233148295,0.0012943557159304,0.1763316120226183,0.5973461450469,1,1,0.7372263243658649
0,0,1,0.0314664381084527,0.0022839783077042,0.0292123092357348,0.2333333333333333,0.4615384615384616,0.2222222222222222,0.4945054945054945,0.0245903060221532,0.1763316120226183,0.6568748570121254,0,0,0.43995868803001614
1,0,0,0.0327207250596661,0.0,0.0328638478902016,0.3666666666666666,0.576923076923077,0.0,0.467032967032967,0.02690045047354,0.1763316120226183,0.7545184168382522,0,1,0.7445567896498692
0,0,0,0.0412281176979911,0.0012318270371681,0.0294731334253396,0.3333333333333333,0.6538461538461541,0.2222222222222222,0.6510989010989011,0.0204571392469208,0.0842934661413811,0.7750249696274032,0,0,0.14352088197662655
1,1,1,0.169624255671735,0.4438560092874545,0.5026082541221817,0.1999999999999999,0.4615384615384616,0.0,0.7011158944148634,0.0201770450701331,0.2155653014197576,0.7750249696274032,0,0,0.0918139699977881
0,0,0,0.0407645762280067,0.0067994190507195,0.0093896708257719,0.0,0.4615384615384616,0.2222222222222222,0.7472527472527473,0.0078207995936458,0.3366535345276146,0.8921070693205216,1,0,0.21561091674465444
0,0,0,0.0159058961538514,0.0,0.0258215947708727,0.0,0.4615384615384616,0.2222222222222222,0.4917582417582418,0.0508423166208001,0.1763316120226183,0.7900251658659346,1,1,0.7916339489595818
0,0,0,0.0,0.0,0.0134974472089792,0.0333333333333333,0.4987943055374668,0.2222222222222222,0.65401839591223,0.0408074742771581,0.0919558108131285,0.7750249696274032,1,0,0.31733838022747346
0,0,0,0.0504444572687885,0.0022988000966331,0.016171099755496,0.1333333333333333,0.4807692307692308,0.0,0.5631868131868132,0.0102406389859686,0.1763316120226183,0.9098604438343628,0,1,0.6815454913090296
0,0,1,0.0199051119165231,0.0014303449946678,0.035993738165459,0.5,0.4615384615384616,0.0,0.6565934065934066,0.0448991116995952,0.0987140414777373,0.7750249696274032,0,0,0.1248674024006843
1,1,0,0.3233462373742448,0.0010835461663967,0.02895148504613,0.2666666666666666,0.5769230769230771,0.0,0.5495921604169027,0.0021604657227182,0.1763316120226183,0.8878975062914665,0,0,0.14019796778132843
0,0,0,0.6272563621194367,0.0097146584612932,0.0352112655966446,0.3666666666666666,0.4615384615384616,0.4444444444444445,0.2912087912087912,0.0013046595082483,0.1763316120226183,0.7308472508197972,0,1,0.6463080564769793
0,0,0,0.0,0.0,0.0219092319268011,0.0,0.4768197583614587,0.4444444444444445,0.5851648351648352,0.0408074742771581,0.1763316120226183,0.9453671928620452,1,1,0.7202351655184872
0,0,0,0.0516317178772429,0.0011445116261457,0.0257221412199396,0.3333333333333333,0.576923076923077,0.0,0.5752341134185649,0.0149171479008124,0.2481400227520415,0.9186853495058408,1,1,0.6259594951882393
0,0,1,0.1347003294509436,0.319775668819268,0.0539906072481884,0.1,0.4615384615384616,0.1111111111111111,0.3351648351648352,0.0182326506261772,0.1763316120226183,0.5414779226721574,1,1,0.8156443548320519
0,0,0,0.0,0.0,0.0130412094802387,0.1333333333333333,0.5384615384615385,0.0,0.521978021978022,0.0408074742771581,0.0554523154686686,0.8432852894074583,1,1,0.68623869829332
1,0,0,0.0,0.0,0.0279081882877109,0.3333333333333333,0.5000000000000001,0.1111111111111111,0.6703296703296704,0.0408074742771581,0.1347654798186277,0.7750249696274032,1,0,0.24430390359704757
0,0,0,0.0072655972569911,0.0087077752342096,0.0293096015549594,0.2986937891108118,0.612370282563412,0.2222222222222222,0.4411234901279337,0.0398099604763644,0.1763316120226183,0.7126601779655496,1,1,0.7357640886411901
0,0,0,0.0415826009804458,0.0079038519359407,0.0323421995109921,0.4,0.576923076923077,0.2222222222222222,0.3626373626373627,0.0359560244240521,0.1763316120226183,0.7811484786090139,1,1,0.7586472748663279
0,0,0,0.0,0.0,0.0315597269421778,0.0333333333333333,0.5000000000000001,0.2222222222222222,0.6895604395604396,0.0408074742771581,0.1852374934958745,0.7750249696274032,1,0,0.2608772015073871
0,0,1,0.0408463747767632,0.0076029885330677,0.0354720897862494,0.5333333333333333,0.4230769230769231,0.2222222222222222,0.804945054945055,0.011504295778018,0.4880695755593547,0.7750249696274032,0,0,0.02785010093693139
0,0,0,0.0533347839086617,0.0076751367377468,0.0242566496332441,0.2666666666666666,0.6153846153846155,0.2222222222222222,0.4423076923076923,0.0151548007353007,0.1763316120226183,0.7145733241821094,1,1,0.6884212468133897
1,0,0,0.0128156229593615,0.0016576945542534,0.0326030237005969,0.4333333333333333,0.4768197583614587,0.2222222222222222,0.3839073297836185,0.0809373671764073,0.2527317326990262,0.6762754518416838,0,1,0.8287316871461377
0,0,0,0.0256312361025046,0.0052851120066489,0.0156494513762865,0.1333333333333333,0.5,0.1111111111111111,0.4038461538461538,0.0267036825297641,0.1763316120226183,0.505971173644475,1,1,0.6954199091330356
0,0,0,0.1806456898461909,0.0109945527548139,0.0346896172174351,0.3666666666666666,0.5,0.0,0.2692307692307692,0.0051609832737728,0.1763316120226183,0.43495767558911,1,1,0.7787341240913153
0,0,0,0.0,0.0,0.0370370349238781,0.4666666666666667,0.5000000000000001,0.0,0.5521978021978022,0.0408074742771581,0.1763316120226183,0.854381148478609,1,1,0.5853075624522216
0,0,1,0.2756721329228283,0.4170598342646806,0.3090766728324147,0.4666666666666667,0.4615384615384616,0.0,0.4148351648351648,0.0373955530680662,0.1763316120226183,0.6701898878975063,0,1,0.7115065630619339
0,0,0,0.1145770815269241,0.0156586973668129,0.0331246720798064,0.4666666666666667,0.5000000000000001,0.1111111111111111,0.1923076923076923,0.0088328007521125,0.1763316120226183,0.3994509265614276,1,1,0.7400301584674421
0,0,1,0.9812401364795976,0.0866263862476149,0.3505477271303299,0.0333333333333333,0.4230769230769232,0.0,0.5741758241758242,0.0,0.1763316120226183,0.927613818348204,0,0,0.2539452108292953
0,0,0,0.0,0.0,0.016171099755496,0.1666666666666666,0.5,0.1111111111111111,0.6043956043956045,0.0408074742771581,0.1763316120226183,0.9808739418897278,1,1,0.6862413152739021
0,0,0,0.1247750429476737,0.0059712375201457,0.031298902752573,0.3666666666666666,0.5384615384615385,0.0,0.4340659340659341,0.0068666485742616,0.365494685200327,0.8344086021505377,1,1,0.836788658574605
0,0,0,0.0031902710123445,0.0101657671512895,0.031298902752573,0.1666666666666666,0.4615384615384616,0.2222222222222222,0.5,0.0408074742771581,0.1763316120226183,0.8077785403797758,0,1,0.7836692255017234
0,0,1,0.175164961306479,0.1050942652467269,0.0886802244656236,0.5333333333333333,0.4615384615384616,0.0,0.3296703296703296,0.0037330221118544,0.1763316120226183,0.5326012354152367,1,1,0.6462326222574953
0,0,0,0.0,0.0,0.2790818910278654,0.0,0.4615384615384616,0.0,0.5961538461538461,0.0408074742771581,0.1763316120226183,0.9631205673758864,0,1,0.6024216865315005
0,0,0,0.0106039307692343,0.0024135095181338,0.0315597269421778,0.0,0.4768197583614587,0.2222222222222222,0.4065934065934066,0.0852792544283373,0.1763316120226183,0.825531914893617,1,1,0.9053479956829789
1,0,0,0.000757419419423,0.0024135095181338,0.0354720897862494,0.4666666666666667,0.5384615384615385,0.0,0.7005494505494505,0.4223704189797301,0.2104735003344978,0.7750249696274032,0,0,0.13865521301245995
0,0,0,0.0,0.0,0.0148669788074721,0.0,0.4615384615384616,1.0,0.6642970431630225,0.0408074742771581,0.1189325800936594,0.7750249696274032,1,0,0.3544668099627469
0,0,0,0.0523804315137012,0.0051351599951292,0.0213875835475915,0.2333333333333333,0.4475524475524476,0.2222222222222222,0.4230769230769231,0.0131111180843964,0.1763316120226183,0.550354609929078,1,1,0.6909075118224047
0,0,0,0.0,0.0,0.0234889109700211,0.2852549256756298,0.4785520088358117,0.2222222222222222,0.5546800395381382,0.0408074742771581,0.1763316120226183,0.896117265431827,1,1,0.6408297004109267
0,0,0,0.000605849496218,5.537010976486268e-05,0.0268528525947849,0.4333333333333333,0.5021580152092017,0.0,0.6082492029834645,0.0426146875889355,0.1744039607117538,0.972700173170254,1,1,0.5069480919935059
1,0,0,0.0109069181694405,0.0173773936476978,0.02895148504613,0.3,0.653846153846154,0.2222222222222222,0.3818681318681318,0.0408074742771581,0.1763316120226183,0.6169297643559826,1,1,0.7650271077161175
0,0,0,0.0365163328182207,0.0010835461663968,0.0216484077371963,0.1999999999999999,0.5,0.6666666666666665,0.6473037272006344,0.0192722548292182,0.0743328625585371,0.7750249696274032,0,0,0.2662526947942189
1,1,0,0.0229699512888807,0.0032506384991904,0.031298902752573,0.3333333333333333,0.4615384615384616,0.0,0.5226860768097882,0.0446609809859262,0.1763316120226183,0.8444291924044841,1,0,0.443276798853847
0,0,0,0.0030296973101293,0.0096541006311024,0.0258215947708727,0.5333333333333333,0.4615384615384616,0.4444444444444445,0.543956043956044,0.0408074742771581,0.1763316120226183,0.8787920384351406,1,0,0.29668404839591384
0,0,0,0.0134427615268589,0.0006265397340873,0.0245174738228488,0.2333333333333333,0.5961538461538463,0.0,0.7032967032967034,0.0458768825818237,0.221288931836765,0.7750249696274032,0,0,0.20450883182307222
0,0,0,0.026315642296714,0.0054611139324227,0.0288713163055866,0.0137085038861789,0.4678229730449789,0.0,0.4470053820530688,0.0475794350339071,0.1763316120226183,0.7221627101134639,1,1,0.7725605959796101
0,0,0,0.0554070956123142,0.0006081943891989,0.0148669788074721,0.1,0.5000000000000001,0.2222222222222222,0.6043956043956045,0.0081765115382926,0.1763316120226183,0.9764355982612676,1,1,0.5505998309958571
0,0,0,0.0203413937477343,0.0047787863810452,0.0213875835475915,0.1999999999999999,0.4768197583614587,0.3333333333333333,0.6428571428571429,0.0289061896000076,0.0482420278004906,0.7750249696274032,0,0,0.2679212562810376
0,0,0,0.0068168042234633,0.0,0.0143453304282626,0.1,0.5000000000000001,0.2222222222222222,0.4423076923076923,0.2098439399103122,0.1763316120226183,0.7145733241821094,1,1,0.7484571734542781
0,0,0,0.1301194340286459,0.0132615728276012,0.0216484077371963,0.1333333333333333,0.4768197583614587,0.6666666666666665,0.2417582417582418,0.0063533609095003,0.1131346168140935,0.3905742393045069,1,1,0.7660451825413974
0,1,0,0.0007852974799617,0.0025023426833943,0.026604067339687,0.3666666666666666,0.4615384615384616,0.0,0.6317265209017786,0.0408074742771581,0.0334497881513416,0.8878975062914665,1,0,0.28233715374545065
1,0,0,0.0052898521709887,0.0007574404956361,0.0195618142203581,0.0666666666666666,0.4638009049773756,0.2222222222222222,0.7124447717231223,0.0980699121764688,0.2452984464431725,0.5767558911004347,0,0,0.07472649623315526
0,0,0,0.0798931127673536,0.0097916526600297,0.0127803852906339,0.1333333333333333,0.4615384615384616,0.0,0.2445054945054945,0.005223136298187,0.1763316120226183,0.3950125829329672,1,1,0.7624601391865069
0,0,0,0.0349293742220585,0.0,0.026604067339687,0.1999999999999999,0.5384615384615384,0.2222222222222222,0.6703296703296704,0.0208871397281742,0.1347654798186277,0.7750249696274032,0,0,0.19380626682722904
0,0,0,0.0,0.0,0.0193009900307533,0.1333333333333333,0.5384615384615385,0.0,0.6291208791208791,0.0408074742771581,0.0266111647959562,0.7750249696274032,0,0,0.2540657875435002
0,0,0,0.0340840996470647,0.0008688759382415,0.0086071982569575,0.0666666666666666,0.4551282051282052,0.0,0.5851648351648352,0.0098303423408447,0.1763316120226183,0.9631205673758866,0,1,0.7192743742424718
0,0,0,0.0,0.0,0.0106937917737957,0.1,0.5384615384615385,0.0,0.5412087912087913,0.0408074742771581,0.1763316120226183,0.8743536948066803,1,1,0.7881038620848353
0,0,1,0.2121391557121592,0.3413013743840756,0.3462757711295553,0.3626981990441406,0.4615384615384616,1.0,0.406282577725551,0.019456484581319,0.1763316120226183,0.6563726952337569,1,1,0.8754115516143657
0,0,0,0.4537274306853989,0.0073052351881633,0.0242566496332441,0.3,0.5,0.2222222222222222,0.3351648351648352,0.0012572711462115,0.1763316120226183,0.5947380462136811,1,1,0.7530330819807249
1,1,1,0.6276490010431991,1.0,0.1804903392065045,0.0,0.4615384615384616,0.2222222222222222,0.6713775914806843,0.0408074742771581,0.1375157957332936,0.7750249696274032,0,0,0.3006276675901927
0,0,0,0.0,0.0,0.0213875835475915,0.2333333333333333,0.4624542124542125,0.0,0.6565934065934066,0.0408074742771581,0.0987140414777373,0.7750249696274032,1,0,0.24826891057330017
0,0,1,0.0883459763119138,0.2815135831611474,0.213354203398218,0.0333333333333333,0.4230769230769232,0.4444444444444445,0.5631868131868132,0.0408074742771581,0.1763316120226183,0.927613818348204,0,1,0.6451252144956978
0,0,0,0.0519214764417087,0.0082884843751863,0.0123613311720844,0.0,0.4668614965854258,0.1111111111111111,0.3165200746274023,0.0097897117381797,0.1763316120226183,0.5171408599258933,1,1,0.7617130361535518
0,0,0,0.0,0.0,0.0272564302101586,0.2666666666666666,0.5264796071501805,0.0,0.6181318681318682,0.0408074742771581,0.1763316120226183,0.9986273164035688,1,1,0.6347294017353224
0,0,1,0.3906855060971822,0.0036954976579335,0.0268648915292918,0.0,0.4615384615384616,0.1111111111111111,0.7637362637362637,0.001490709350284,0.2068683565004088,0.7750249696274032,0,0,0.03445003715524816
1,0,0,0.0573267160372067,0.004885980282997,0.0193009900307533,0.1999999999999999,0.5384615384615384,0.0,0.4292228390166535,0.0120428470914643,0.1763316120226183,0.6934339967970716,1,1,0.7346418261257124
0,0,0,0.0254403695499999,0.0021229668250354,0.0302556059941539,0.1,0.576923076923077,0.1111111111111111,0.6648351648351648,0.0288318317194367,0.0734780346391139,0.7750249696274032,0,0,0.1774421168925921
0,0,0,0.005411462364788,0.0131426091492938,0.0180877617661361,0.0062931941087999,0.4739347133472194,0.2222222222222222,0.505129739176967,0.0568197134382142,0.1763316120226183,0.8160659268295747,1,1,0.8137429206636629
0,0,0,0.0065136351300058,0.002528686060097,0.0164544379136875,0.1794245429300902,0.5531821649193349,0.0,0.4920311877724685,0.0535732664789096,0.1438649124594148,0.7312026506805865,1,1,0.7284839124769993
0,0,1,0.0,0.0,0.0213875835475915,0.2666666666666666,0.4768197583614587,0.0,0.6868131868131868,0.0408074742771581,0.1780272058276964,0.7145733241821094,0,0,0.1514437811489578
0,0,1,0.0131973560643709,0.0131414995587669,0.0234741770644297,0.3666666666666666,0.5384615384615385,0.1111111111111111,0.5113571995015295,0.0823547510742213,0.1763316120226183,0.8261267444520705,1,0,0.400306012760837
0,0,0,0.0444830968357565,0.0047513083392283,0.0295972673845172,0.2177847951716981,0.470508772016328,0.1111111111111111,0.5050380759282345,0.0193822114834688,0.1763316120226183,0.8159178396190393,1,1,0.7142126383491613
0,0,1,0.3245896283229237,0.4960375155747429,0.2626499752335206,0.0,0.4230769230769231,0.0,0.7637362637362637,0.0307497661933353,0.3799152605366832,0.9142987874628232,0,0,0.12680863753778474
0,0,0,0.0042108147738465,0.0069290334324689,0.0346896172174351,0.4784875741148277,0.5260505235277853,0.0,0.5611505624119316,0.0408074742771581,0.1763316120226183,0.9065707644768008,1,1,0.5749317159567066
0,0,0,0.0872280071870032,0.0106119285360255,0.0279081882877109,0.0666666666666666,0.4768197583614587,1.0,0.3461538461538461,0.016714575676737,0.1763316120226183,0.5592312971859986,1,1,0.7430981850263083
0,0,0,0.0,0.0,0.0112154401530053,0.1,0.5000000000000001,0.2222222222222222,0.6510989010989011,0.0408074742771581,0.0842934661413811,0.7750249696274032,1,0,0.30961301012456893
0,0,0,0.1390630986819636,0.0156396417712146,0.0320813753213873,0.3666666666666666,0.4660392798690672,0.1111111111111111,0.1895604395604396,0.0068030005116829,0.1763316120226183,0.3062457103637612,0,1,0.755924724500668
1,0,0,0.0409009136867465,0.1303303585198833,0.2321335368990059,0.3333333333333333,0.5000000000000001,0.2222222222222222,0.6586326045088932,0.0408074742771581,0.1040660075819519,0.7750249696274032,0,0,0.3416013182232685
0,0,0,0.1063151041673057,0.0191901975021646,0.0341679688382255,0.5333333333333333,0.4615384615384616,1.0,0.3846153846153846,0.007644452222287,0.1763316120226183,0.6213681079844429,1,1,0.808364105900717
0,1,0,0.0,0.0,0.0268648915292918,0.3666666666666666,0.5,0.0,0.6317265209017786,0.0408074742771581,0.0334497881513416,0.7750249696274032,0,0,0.3026255581679169
0,0,0,0.008998203563301,0.0018246345549954,0.0341679688382255,0.2666666666666666,0.4615384615384616,0.4444444444444445,0.5164835164835165,0.0408074742771581,0.1763316120226183,0.8344086021505377,0,1,0.6099858474278573
0,0,0,0.0471840428344761,0.0039829420160477,0.0303196127739329,0.3870029778346242,0.5074982820184862,0.0,0.4608642801986971,0.0205092981005428,0.1763316120226183,0.7445525511441591,1,1,0.7217587529293892
1,1,1,0.0245405462488042,0.0006255856708485,0.0292123092357348,0.3333333333333333,0.4730769230769232,0.0,0.6458876175371021,0.0318827234636221,0.0706162194306102,0.7750249696274032,0,0,0.06694675917689778
1,0,0,0.0168838958191773,0.004885980282997,0.0148669788074721,0.1666666666666666,0.5384615384615384,0.1111111111111111,0.7322703070125751,0.0229607483783887,0.2973314502341485,0.7750249696274032,0,0,0.20097903260016275
0,0,0,0.0297213304160448,0.0004344379691208,0.026604067339687,0.3333333333333333,0.4718934911242604,0.2222222222222222,0.717032967032967,0.0246081770366861,0.1419757674868059,0.7750249696274032,0,0,0.10442564484250107
0,0,0,0.0,0.0,0.0386019800615067,0.6333333333333333,0.4615384615384616,0.0,0.7152769910501869,0.0408074742771581,0.2527317326990262,0.7750249696274032,0,0,0.13809683118692925
1,1,0,0.0,0.0,0.0273865399085014,0.0,0.4615384615384616,0.0,0.6189815339299876,0.0408074742771581,0.0,1.0,1,1,0.47792666039610976
0,0,0,0.0340022814658712,0.0046781896369421,0.0195618142203581,0.1999999999999999,0.5,0.0,0.4752747252747253,0.0204411602844005,0.1763316120226183,0.767833447723633,0,1,0.7832986255998352
0,0,0,0.3179636710195281,0.1700831183535954,0.0837245730138888,0.0666666666666666,0.4230769230769231,0.0,0.5164835164835165,0.0037288387082388,0.1763316120226183,0.8344086021505377,0,1,0.518128778971629
0,0,0,0.0272672757911643,0.0075746274109009,0.0286906608565252,0.3666666666666666,0.4230769230769231,0.6666666666666665,0.3708791208791209,0.0408074742771581,0.1763316120226183,0.5991763898421414,1,1,0.7518496371445623
0,0,1,0.029993995517306,0.0245138018167276,0.0524256621105598,0.5333333333333333,0.4615384615384616,0.0,0.3818681318681318,0.0241126978635154,0.1763316120226183,0.6169297643559826,1,1,0.5267520619960739
0,0,0,0.0409009136867465,0.0,0.0164319239451008,0.2333333333333333,0.5000000000000002,0.0,0.717032967032967,0.0125353229453683,0.2573403701776555,0.7750249696274032,0,0,0.16051953732393587
0,0,0,0.0037871167295524,0.0024135407974173,0.0372978591134828,0.4333333333333333,0.576923076923077,0.2222222222222222,0.4258241758241758,0.4365388509176913,0.1763316120226183,0.8299702585220774,0,1,0.5077100301186511
0,0,0,0.1787915141500348,0.0017954076315166,0.0245174738228488,0.2666666666666666,0.5384615384615385,0.0,0.6236263736263736,0.0036478437337441,0.1131346168140934,0.7750249696274032,0,0,0.12730271088069597
0,0,0,0.0426732810179277,0.0071817046977131,0.0268648915292918,0.3,0.5384615384615385,0.2222222222222222,0.4862637362637363,0.020361718938528,0.1763316120226183,0.7855868222374742,1,1,0.6540518022668897
0,0,0,0.0041173539523133,0.0103854289695245,0.0323421995109921,0.4,0.5384615384615385,0.0,0.532967032967033,0.0408074742771581,0.1763316120226183,0.8610386639212995,1,1,0.6992219144653218
0,0,0,0.0,0.0,0.0349504414070398,0.4666666666666667,0.5000000000000001,0.2222222222222222,0.7060439560439561,0.0408074742771581,0.2284992195049431,0.7750249696274032,0,0,0.1481775298989055
0,0,0,0.0,0.0,0.0281690124773157,0.3,0.5,0.2222222222222222,0.5961538461538461,0.0408074742771581,0.1763316120226183,0.9631205673758864,1,1,0.5187171429873488
0,0,0,0.0134973004368423,0.0004514865991542,0.0200834625995676,0.1999999999999999,0.5384615384615384,0.0,0.6538461538461539,0.0474990844946193,0.0915037538095592,0.7750249696274032,0,0,0.2282534662630183
0,1,0,0.0,0.0,0.0211267593579868,0.0,0.4615384615384616,0.3333333333333333,0.5368471734451117,0.0408074742771581,0.1763316120226183,0.8673072523450012,1,1,0.6656835989553974
0,0,0,0.5750122975131308,0.0046684979949321,0.0211267593579868,0.1999999999999999,0.5384615384615384,0.0,0.4450549450549451,0.0007746213433475,0.1763316120226183,0.7190116678105697,1,1,0.6673131764164247
0,0,1,0.6079238596766462,0.0021086679534592,0.0378195074926924,0.4333333333333333,0.4615384615384616,0.2222222222222222,0.521978021978022,0.0013054602076965,0.1763316120226183,0.6568748570121254,0,0,0.2853613487501034
0,0,0,0.0,0.0,0.0219092319268011,0.1,0.4615384615384616,0.0,0.6043956043956045,0.0408074742771581,0.1763316120226183,0.9764355982612676,0,1,0.7328779418272822
0,0,0,0.0168511685466999,0.0002606815490426,0.0320813753213873,0.4333333333333333,0.5,0.0,0.6043956043956045,0.0509728970371521,0.1763316120226183,0.7811484786090139,1,0,0.39093289961415106
0,0,0,0.0,0.0,0.0179968690827294,0.0333333333333333,0.4615384615384616,0.2222222222222222,0.633142630565311,0.0408074742771581,0.0371664312792685,0.7750249696274032,0,0,0.3494961284302745
0,0,0,0.0,0.0,0.008085549877748,0.1333333333333333,0.5,0.0,0.5412087912087913,0.0408074742771581,0.1763316120226183,0.8743536948066803,1,1,0.7928997950802865
0,0,0,0.3087200718099575,0.4918669409402724,0.2050078293308652,0.2333333333333333,0.4230769230769232,0.0,0.6868131868131868,0.0408074742771581,0.1419757674868058,0.7750249696274032,0,0,0.0786383576427828
1,0,0,0.0,0.0,0.0295855109127323,0.3639564538630782,0.5353343698420133,0.0600725768948697,0.6532479223169445,0.0408074742771581,0.0899336684134895,0.7750249696274032,1,0,0.2426921220687622
0,0,0,0.1685390138193018,0.0017954295802963,0.0224308803060106,0.1666666666666666,0.5,0.2222222222222222,0.554945054945055,0.0042995393080606,0.1763316120226183,0.8965454129489819,0,0,0.3736498106173841
0,0,0,0.0296940609610531,0.0073000384703661,0.0229525286852202,0.3,0.5,0.1111111111111111,0.4450549450549451,0.0294943947816223,0.1763316120226183,0.7190116678105697,1,1,0.7634883413691123
0,0,0,0.0221410207176886,0.0003787363941737,0.0239958254436393,0.2333333333333333,0.5384615384615385,0.0,0.6923076923076923,0.0304631526277286,0.1924477811640526,0.7750249696274032,0,0,0.19729219287087996
0,0,0,0.0391558059943386,0.00718642044682,0.0412102219575545,0.5333333333333333,0.4615384615384616,0.8888888888888888,0.4560439560439561,0.0131965877987419,0.1763316120226183,0.6124914207275223,1,1,0.7483062925022315
0,0,0,0.0,0.0,0.0250536962918273,0.3215616120556241,0.5135827553204338,0.0,0.5521978021978022,0.0408074742771581,0.1763316120226183,0.8921070693205216,1,1,0.7193022927412281
0,0,0,0.0136336378955821,0.0052851377180766,0.0177360448931247,0.1333333333333333,0.5,0.2222222222222222,0.4258241758241758,0.0610987747121887,0.1763316120226183,0.752299245024022,0,1,0.8388410291599243
0,0,0,0.010743311255709,0.003284523180735,0.0375586833030876,0.4666666666666667,0.576923076923077,0.2222222222222222,0.5521978021978022,0.0408074742771581,0.3366535345276146,0.8921070693205216,0,1,0.5096896138847082
0,0,0,0.0,0.0,0.0216484077371963,0.1999999999999999,0.5,0.0,0.7307692307692307,0.0408074742771581,0.293391808518546,0.7750249696274032,0,0,0.20207034859533984
0,0,0,0.0211048795901901,0.0,0.0263432431500823,0.0333333333333333,0.4615384615384616,0.3333333333333333,0.7225274725274725,0.0398489221119147,0.2717609455140117,0.7750249696274032,0,0,0.20053464537906704
0,0,0,0.0038719484898253,0.0123379257176099,0.0644235748323795,0.7000000000000001,0.5000000000000001,1.0,0.5495921604169027,0.0408074742771581,0.1763316120226183,0.899336536261725,0,0,0.2661672670669291
0,0,1,0.4453291158670406,0.5662839065405249,0.0910276421720665,0.0666666666666666,0.4615384615384616,0.8888888888888888,0.2252747252747253,0.0083681336887158,0.1763316120226183,0.5148478609013956,1,0,0.4340335310891866
0,0,0,0.0,0.0,0.016171099755496,0.0,0.4768197583614587,0.0,0.6181318681318682,0.0408074742771581,0.1763316120226183,0.9305727141005108,1,1,0.6432032387525949
0,0,0,0.0155423426855031,0.0125848107093003,0.0200834625995676,0.1999999999999999,0.5384615384615384,0.2222222222222222,0.3681318681318681,0.0408074742771581,0.1763316120226183,0.5947380462136811,1,1,0.7967192260441524
0,0,0,0.2552216809875642,0.3401696829921268,0.212310898489043,0.0666666666666666,0.4615384615384616,0.1111111111111111,0.4148351648351648,0.018746946660146,0.1763316120226183,0.6701898878975063,0,1,0.6756920517030414
0,0,0,0.0,0.0,0.0349504414070398,0.4,0.5384615384615385,0.0,0.6346153846153846,0.0408074742771581,0.0410317401323124,0.7750249696274032,0,0,0.22055360935995647
0,0,0,0.0,0.0,0.0177360448931247,0.2333333333333333,0.5000000000000002,0.1111111111111111,0.5934065934065934,0.0408074742771581,0.1763316120226183,0.9586822237474262,0,1,0.6597863359404543
0,0,0,0.0,0.0,0.0210162303547883,0.2037336692428389,0.5000000000000001,0.0,0.6547248594525342,0.0408074742771581,0.1930911041016247,0.8154457927851191,1,0,0.3811185264561407
0,0,1,0.1585319287672754,0.4474258927295521,0.2597809009971121,0.6666666666666666,0.4615384615384616,0.0,0.7005494505494505,0.02995310452813,0.2140786441685868,0.9941889727751086,0,0,0.36488220105667507
0,0,0,0.2961498444968655,0.3130969416622674,0.1377151802620772,0.0333333333333333,0.4615384615384616,0.0,0.3076923076923077,0.0036785106891606,0.1763316120226183,0.4970944863875544,1,1,0.7232134876548162
0,0,0,0.5630964585900909,0.0014616385684593,0.0177360448931247,0.1,0.5384615384615385,0.0,0.5659340659340659,0.0006621582329942,0.1763316120226183,0.9142987874628232,0,0,0.23954910867938262
0,0,1,0.0127610840493782,0.0028711998324849,0.0190401658411486,0.3,0.5,0.0,0.8597201767304861,0.0390353530927265,0.5463465398052478,0.7750249696274032,0,0,0.024825038531713067
1,0,0,0.0,0.0,0.0195618142203581,0.2666666666666666,0.5769230769230771,0.0,0.6515520561912315,0.0408074742771581,0.0854827919423177,0.7750249696274032,0,0,0.23291045151527104
0,0,0,0.0,0.0,0.0279081882877109,0.2666666666666666,0.5,0.1111111111111111,0.6071428571428572,0.0408074742771581,0.1763316120226183,0.9808739418897278,0,1,0.5992450267856927
0,0,0,0.1209030846416299,0.0026624785708358,0.0346896172174351,0.4333333333333333,0.5384615384615385,0.2222222222222222,0.5824175824175825,0.0073626313175599,0.1763316120226183,0.8810112102493709,0,0,0.17749947035190125
0,0,0,0.014969743027989,0.0024219515036803,0.0284298366669205,0.2666666666666666,0.4768197583614587,0.2222222222222222,0.5192307692307693,0.0591618099131631,0.1763316120226183,0.767833447723633,0,1,0.6443988314191011
0,0,0,0.0324429167467369,0.0059565589038799,0.0236195552709895,0.2609289667929196,0.5384615384615385,0.0,0.4520581839722849,0.0269826111656539,0.1530423102867283,0.7303258000317289,1,1,0.7740474412113402
0,0,0,0.0171238532803981,0.0009557697879224,0.020865935168382,0.3,0.5769230769230771,0.2222222222222222,0.478021978021978,0.0344722907432843,0.1763316120226183,0.7722717913520933,0,1,0.6917592205654679
0,0,0,0.0459726200340204,0.0058691903422132,0.031298902752573,0.0666666666666666,0.4768197583614587,0.1111111111111111,0.4368131868131868,0.0208117131813981,0.1763316120226183,0.7056966369251887,0,1,0.7760167017094016
0,0,0,0.0,0.0,0.0370370349238781,0.0666666666666666,0.4230769230769231,0.8888888888888888,0.6923076923076923,0.0408074742771581,0.1924477811640526,0.7750249696274032,0,0,0.29226569398771624
0,0,0,0.0,0.0,0.0315597269421778,0.0,0.4615384615384616,0.2222222222222222,0.6043956043956045,0.0408074742771581,0.1763316120226183,0.9764355982612676,0,1,0.7431406972892733
0,0,0,0.0230135745638926,0.0006082279028278,0.0268648915292918,0.0333333333333333,0.4615384615384616,0.4444444444444445,0.5824175824175825,0.0279348260887921,0.1763316120226183,0.940928849233585,1,1,0.6631300654470106
1,0,0,0.0098465113498112,0.0024135095181338,0.0190401658411486,0.1333333333333333,0.5384615384615385,0.2222222222222222,0.3296703296703296,0.0616653542174547,0.1763316120226183,0.5326012354152367,1,1,0.7153746481174048
0,0,0,0.0960763583187124,0.0573067696707041,0.0758800292040929,0.5845248047335102,0.5009165164616747,0.4444444444444445,0.4926262332831979,0.0165506670622199,0.1767656117315131,0.710232466033494,1,0,0.3785900429843721
0,0,1,0.4469106166457171,0.7302940909759625,0.2193531597591278,0.5333333333333333,0.5,1.0,0.4038461538461538,0.0416122716025482,0.1763316120226183,0.652436513383665,1,1,0.9411998068386285
1,0,0,0.0,0.0,0.0292123092357348,0.0,0.4605572998430142,0.7777777777777777,0.5779143536875496,0.0408074742771581,0.1763316120226183,0.9336536261725006,0,1,0.6185938802590297
0,0,1,0.0398102238330462,0.0034754724736828,0.023213352874825,0.3,0.5,0.0,0.6758241758241759,0.0153967174184655,0.1491860551549839,0.854381148478609,0,0,0.13969491143570767
0,0,0,0.0368108193732063,0.0414059668225294,0.0636411104143211,0.4,0.5000000000000001,0.7777777777777777,0.3598901098901099,0.0531633617360281,0.1763316120226183,0.5814230153283002,0,1,0.7665614454569526
0,0,1,0.0449091996353117,0.0042459010054003,0.033646320459016,0.4,0.5000000000000001,0.0,0.7912087912087913,0.0177953519019789,0.4520181372184642,0.8965454129489819,0,0,0.032455717328219995
0,0,0,0.0,0.0,0.098591551821361,0.5333333333333333,0.4230769230769231,0.2222222222222222,0.6181318681318682,0.0408074742771581,0.1763316120226183,0.9986273164035688,1,0,0.18695401095584324
0,0,0,0.0463992154261853,0.0064816411667489,0.0265779245730358,0.2666666666666666,0.5384615384615385,0.2222222222222222,0.4201644537806713,0.0195590245097854,0.1763316120226183,0.6787996583888329,1,1,0.7379727015027605
1,0,0,0.0163603772541608,0.0,0.0226917044956154,0.1333333333333333,0.4615384615384616,0.2222222222222222,0.3598901098901099,0.040347220579195,0.1763316120226183,0.5814230153283002,1,1,0.7308158694060608
0,0,0,0.0,0.0,0.005738132171305,0.1333333333333333,0.5,0.0,0.6868131868131868,0.0408074742771581,0.1780272058276964,0.7750249696274032,0,0,0.2385510786715422
0,0,0,0.0,0.0,0.0279081882877109,0.3666666666666666,0.7692307692307694,0.2222222222222222,0.6043956043956045,0.0408074742771581,0.1763316120226183,0.9764355982612676,1,0,0.2794306139658702
0,0,0,0.0,0.0,0.0169535723243103,0.2333333333333333,0.5384615384615385,0.0,0.5274725274725275,0.0408074742771581,0.1763316120226183,0.8521619766643789,1,1,0.7827817586687312
1,1,0,0.0,0.0,0.0213875835475915,0.2333333333333333,0.4615384615384616,0.0,0.6189815339299876,0.0408074742771581,0.0,1.0,0,0,0.30998617879721063
0,0,0,0.0113613501886574,0.0,0.0354720897862494,0.4333333333333333,0.5384615384615385,0.2222222222222222,0.6620879120879121,0.0837444598636307,0.1960529249981417,0.7750249696274032,0,0,0.1959304467840293
0,0,0,0.0144516528318028,0.0008688759382416,0.023213352874825,0.3,0.4660633484162896,0.0,0.5851648351648352,0.0466880231222105,0.1763316120226183,0.9453671928620452,0,1,0.6501049784672349
0,0,1,0.0141517280917684,0.002708865415992,0.0284298366669205,0.4,0.4615384615384616,0.0,0.6730769230769231,0.047210875221848,0.1419757674868059,0.9453671928620452,0,0,0.11525921844703747
0,0,0,0.0,0.0,0.0297339576149443,0.3666666666666666,0.576923076923077,0.6666666666666665,0.6208791208791209,0.0408074742771581,0.0049803017914219,0.7750249696274032,0,0,0.23502699785928732
0,0,0,0.0632600802281501,0.0008688759382416,0.0125195611010292,0.0,0.4768197583614587,0.3333333333333333,0.5164835164835165,0.006669824390384,0.1763316120226183,0.8344086021505377,1,1,0.7247286805271472
0,0,0,0.0799203822223453,0.0687912228377394,0.0785080810710373,0.2666666666666666,0.5769230769230771,0.0,0.3791208791208791,0.0117247095705208,0.1763316120226183,0.6124914207275223,1,1,0.784668963450746
0,0,0,0.0460693662609878,0.0064342108675082,0.0266414512896922,0.2666666666666666,0.5384615384615385,0.2222222222222222,0.4205659286909299,0.0197681597233263,0.1763316120226183,0.6794482640228485,1,1,0.7379385595069405
0,0,0,0.1993066953220939,0.0184605418570479,0.0312070891748962,0.2333333333333333,0.3846153846153847,0.6666666666666665,0.1625449892900706,0.0063157850653304,0.1763316120226183,0.4579448195510436,1,1,0.8042932847783486
0,0,0,0.0486099179241507,0.0101439999449079,0.0518372036374237,0.4697240844269755,0.5349337487381053,0.7879691703121405,0.4055854666724257,0.0563715246405157,0.1763316120226183,0.6552464725358045,1,1,0.6319967543973901
0,0,0,0.0040900943135402,0.0068964357572125,0.0182576932723342,0.1,0.4625331564986738,0.8888888888888888,0.4505494505494506,0.0408074742771581,0.1763316120226183,0.7278883550674903,0,1,0.7122770711384724
0,1,0,0.0029993946436213,0.0048000510359646,0.0187793416515438,0.1999999999999999,0.5,0.0,0.6883709074430724,0.1189412148226765,0.1821155132684159,0.7750249696274032,0,0,0.12528302386909404
0,0,0,0.1651305969832424,0.0527437792689776,0.0946791808265334,0.6333333333333333,0.5384615384615385,0.1111111111111111,0.3296703296703296,0.0053397338811286,0.1763316120226183,0.5326012354152367,0,1,0.5997468020813564
0,0,0,0.0406282387692668,0.0008688759382416,0.0260824189604775,0.1666666666666666,0.4768197583614587,0.1111111111111111,0.5412087912087913,0.0172992573757525,0.1763316120226183,0.6724090597117365,0,1,0.52030351846221
0,0,0,0.0159513452455042,0.0013792847869873,0.0203442867891724,0.2333333333333333,0.730769230769231,0.1111111111111111,0.5494505494505495,0.0412843222308397,0.1763316120226183,0.8876687256920613,1,1,0.5979444312412188
1,1,0,0.0439766588778572,0.0045111624268802,0.0310380785629682,0.3666666666666666,0.5384615384615385,0.3333333333333333,0.7011158944148634,0.0186966210380154,0.2155653014197576,0.7750249696274032,0,0,0.16950465648665533
0,0,0,0.2586300978236236,0.4120619606663445,0.1129368822496236,0.0666666666666666,0.5,0.1111111111111111,0.4945054945054945,0.0408074742771581,0.1763316120226183,0.7989018531228552,1,1,0.640957239251638
0,0,0,0.0,0.0,0.0078247256881432,0.0333333333333333,0.4768197583614587,0.6666666666666665,0.8131868131868132,0.012620077213495,0.509700438563889,0.7750249696274032,0,0,0.07242100600400278
0,0,1,0.0228499872825981,0.0016576929146397,0.0242566496332441,0.3333333333333333,0.5384615384615385,0.5555555555555556,0.8398946414410332,0.0256786342273053,0.5797963279565896,0.7750249696274032,0,0,0.02095867468178137
0,0,0,0.0,0.0,0.0130412094802387,0.0666666666666666,0.4615384615384616,0.1111111111111111,0.5906593406593407,0.0408074742771581,0.1763316120226183,0.954243880118966,1,1,0.7520954570380411
1,0,0,0.0,0.0,0.0310380785629682,0.0,0.4615384615384616,0.1111111111111111,0.554945054945055,0.0408074742771581,0.1763316120226183,0.8965454129489819,0,1,0.7675653363419351
0,0,0,0.0084419479095886,0.0135479384190671,0.0349504414070398,0.4333333333333333,0.4680473372781066,0.0,0.7053642234054606,0.0661081496563496,0.2267152308035382,0.7750249696274032,0,0,0.1893500959079459
0,0,1,0.0498991074338291,0.0030098474524035,0.0206051109787772,0.2666666666666666,0.5,0.1111111111111111,0.4258241758241758,0.0125753466624285,0.1763316120226183,0.5969572180279111,0,1,0.589965021164088
0,0,0,0.092886423094155,0.0151253092878261,0.0203555112040765,0.1973748367733291,0.5052133523963197,0.0,0.1726442038637356,0.0079716186407554,0.1763316120226183,0.2789165660041535,1,1,0.748225856568521
0,0,0,0.0897911396318503,0.0140727151685372,0.031298902752573,0.2666666666666666,0.5769230769230771,0.1111111111111111,0.1895604395604396,0.0112031456849115,0.1763316120226183,0.3062457103637612,0,1,0.7411365982890611
0,0,1,0.0258221124712278,0.0038259889891476,0.020865935168382,0.3,0.5384615384615385,0.2222222222222222,0.7087912087912088,0.0209969722263829,0.2357095071731212,0.7750249696274032,0,0,0.10325194900764215
0,0,0,0.059197245553383,0.0076148664489721,0.0263432431500823,0.3333333333333333,0.5000000000000001,0.2222222222222222,0.3159340659340659,0.0141512312075353,0.1763316120226183,0.5104095172729353,1,1,0.7563764284385172
0,0,0,0.0,0.0,0.0247782980124536,0.3666666666666666,0.6153846153846154,0.2222222222222222,0.6263736263736264,0.0408074742771581,0.0194008771277781,0.7750249696274032,1,0,0.20564260154487013
0,0,0,0.0108790566890436,0.0,0.0223595392341086,0.0,0.4615384615384616,0.2222222222222222,0.4969676301747559,0.0476709428718316,0.1529410036672432,0.7998439075991152,1,1,0.7903341235846367
0,0,0,0.1021977502149923,0.0121948477528257,0.0519040137313502,0.0666666666666666,0.4768197583614587,0.2222222222222222,0.2554945054945055,0.0054892352702584,0.1763316120226183,0.4127659574468085,1,1,0.7418394957297368
1,0,0,0.0,0.0,0.0182576932723342,0.1666666666666666,0.576923076923077,0.2222222222222222,0.5694176957063555,0.0408074742771581,0.1763316120226183,0.9199267902081903,1,1,0.775646150233276
0,0,0,0.0,0.0,0.0346896172174351,0.4333333333333333,0.5,0.1111111111111111,0.6868131868131868,0.0408074742771581,0.1780272058276964,0.7750249696274032,0,0,0.18377373981754125
0,0,0,0.0,0.0,0.0229525286852202,0.2333333333333333,0.4621749408983452,0.1111111111111111,0.6923076923076923,0.0408074742771581,0.2104735003344978,0.7750249696274032,0,0,0.23796998955908405
0,0,0,0.0684408545791721,0.0052851377180766,0.0148669788074721,0.1666666666666666,0.5,0.1111111111111111,0.7445054945054945,0.0064569306555529,0.3294432468594365,0.7750249696274032,0,0,0.11112128161878419
0,0,0,0.0406391445880198,0.0086683693311744,0.018518517461939,0.1999999999999999,0.576923076923077,0.1111111111111111,0.3286790529058571,0.017562051053287,0.1763316120226183,0.7483413406543125,1,1,0.8963495344908265
0,0,0,0.0421552006379599,0.0042173797269732,0.0307772543733634,0.4,0.5000000000000001,0.0,0.4560439560439561,0.0225067960496033,0.1763316120226183,0.7367650423244109,1,1,0.7262305372556838
0,0,1,0.1676937294280895,0.4535521081482644,0.1009389695278039,0.0666666666666666,0.5,0.0,0.5412087912087913,0.029196235355347,0.1763316120226183,0.8743536948066803,1,1,0.78851043381434
0,0,0,0.011861270564401,0.0031097752544853,0.0310380785629682,0.3666666666666666,0.5384615384615385,0.2222222222222222,0.695054945054945,0.0548612652511769,0.1960529249981417,0.7750249696274032,0,0,0.16396789693903133
0,0,0,0.0,0.0,0.0159102755658912,0.2333333333333333,0.730769230769231,0.0,0.6510989010989011,0.0408074742771581,0.1491860551549839,0.7750249696274032,1,0,0.2859432069690168
0,0,1,0.0076620984308941,0.012457587033523,0.0237350012540345,0.3,0.4644334160463193,0.0,0.7252747252747253,0.043178141190499,0.2789712331821898,0.7750249696274032,0,0,0.08927534078076596
0,0,0,0.1554234661199059,0.0,0.0333854962694112,0.3666666666666666,0.5,0.1111111111111111,0.6318681318681318,0.0054787716986273,0.1491860551549839,0.7750249696274032,1,0,0.11727218335306458
0,0,0,0.0170420449154231,0.0016645103498045,0.0341679688382255,0.4,0.6923076923076925,0.1111111111111111,0.576923076923077,0.059749293581589,0.1763316120226183,0.9320521619766644,0,0,0.4287278390863074
0,0,0,0.0,0.0,0.0193009900307533,0.0,0.4768197583614587,0.3333333333333333,0.6565934065934066,0.0408074742771581,0.0987140414777373,0.7750249696274032,0,0,0.3683673193085649
0,0,0,0.0,0.0,0.0156494513762865,0.0,0.4768197583614587,0.3333333333333333,0.6868131868131868,0.0408074742771581,0.1780272058276964,0.7750249696274032,1,0,0.3135696529194853
0,0,0,0.0,0.0,0.0179968690827294,0.1999999999999999,0.5,0.0,0.7005494505494505,0.0408074742771581,0.1131346168140934,0.7750249696274032,0,0,0.15851588161115518
0,0,0,0.0,0.0,0.0146061546178674,0.1999999999999999,0.5,0.0,0.6189815339299876,0.0408074742771581,0.0,1.0,0,0,0.4209434553772244
0,0,0,0.0916180360567963,0.0087285603207178,0.0388628042511115,0.1666666666666666,0.5,0.0,0.3901098901098901,0.0116466967184346,0.1763316120226183,0.6280256234271334,0,1,0.7603149567376645
0,0,0,0.0498991172500476,0.0048927279623731,0.018518517461939,0.0,0.4230769230769231,0.2222222222222222,0.4395604395604396,0.0130406420435144,0.1763316120226183,0.7101349805536491,1,1,0.7885452382698359
0,0,0,0.0,0.0,0.0281690124773157,0.3,0.5,0.1111111111111111,0.6827143990030589,0.0408074742771581,0.1672697539582249,0.7750249696274032,1,0,0.22159938533904833
0,0,0,0.0231499120226325,0.01135098408715,0.0323421995109921,0.1333333333333333,0.4230769230769232,0.0,0.532967032967033,0.0502186715588307,0.1763316120226183,0.8610386639212995,1,1,0.7615108305066278
1,0,0,0.0278780605386416,0.0076105781562585,0.0279081882877109,0.3,0.6923076923076924,0.1111111111111111,0.4292228390166535,0.0399850496024308,0.1763316120226183,0.6934339967970716,0,1,0.7512687524000756
0,0,0,0.0,0.0,0.0146061546178674,0.1333333333333333,0.4768197583614587,0.0,0.6181318681318682,0.0408074742771581,0.1763316120226183,0.9986273164035688,0,1,0.7100440872230409
0,0,1,0.0,0.0,0.0310380785629682,0.3666666666666666,0.576923076923077,0.1111111111111111,0.6841225784524754,0.0408074742771581,0.1709655838846354,0.7750249696274032,0,0,0.155208981805825
1,0,1,0.4364290646725163,0.6465611609432831,0.5894626929590598,0.2333333333333333,0.4615384615384616,0.0,0.4575450322873003,0.0294267902001622,0.4534304616070764,0.7391901166781057,0,0,0.34620811819865727
0,0,1,0.236734482568423,0.7054786858366999,1.0,0.1666666666666666,0.4615384615384616,0.0,0.6730769230769231,0.0329606318595914,0.1419757674868059,0.7750249696274032,0,0,0.41821251329281184
0,0,0,0.0,0.0,0.026604067339687,0.3666666666666666,0.5,0.1111111111111111,0.7060439560439561,0.0408074742771581,0.2284992195049431,0.7750249696274032,0,0,0.19233598897668325
0,0,1,0.0,0.0,0.0299947818045491,0.4,0.5000000000000001,0.2222222222222222,0.5631868131868132,0.0408074742771581,0.1763316120226183,0.9098604438343628,0,0,0.24910807887150319
0,0,0,0.0136336378955821,0.0095575727620905,0.0380803316822972,0.5666666666666667,0.4615384615384616,0.7777777777777777,0.5741758241758242,0.0344942453570735,0.1763316120226183,0.7989018531228552,0,0,0.3031065117325474
0,0,0,0.0136336378955821,0.0,0.0174752207035199,0.1333333333333333,0.5,0.3333333333333333,0.6401098901098902,0.0381358249646214,0.0554523154686686,0.665751544269046,0,0,0.28230082846810084
0,0,0,0.2298085710763375,0.6152497235138059,0.0221700561164059,0.0,0.4615384615384616,0.0,0.4450549450549451,0.0135512615101097,0.1763316120226183,0.7190116678105697,1,1,0.5770940977946534
0,0,0,0.0056715852759981,0.0004597694774024,0.0247782980124536,0.0333333333333333,0.4615384615384616,0.0,0.5637532570522261,0.1319253523286788,0.1763316120226183,0.899336536261725,1,1,0.7438805383638872
0,0,0,0.0600970688545787,0.0127202416415745,0.0260824189604775,0.3,0.5,0.2222222222222222,0.2032967032967033,0.0166938933138798,0.1763316120226183,0.3284374285060627,1,1,0.7368988640771941
0,0,0,0.0,0.0,0.0326030237005969,0.3,0.4768197583614587,0.0,0.6181318681318682,0.0408074742771581,0.1763316120226183,0.9986273164035688,0,1,0.6114394671124818
0,0,0,0.0,0.0,0.0237350012540345,0.3333333333333333,0.5000000000000001,0.1111111111111111,0.5741758241758242,0.0408074742771581,0.1763316120226183,0.927613818348204,1,1,0.6173063254826844
0,0,0,0.0294215038548964,0.0069779073702807,0.0233830645632778,0.306113609817232,0.497874275707292,0.1111111111111111,0.4422836658795514,0.0301148511094316,0.1763316120226183,0.7263379291289549,1,1,0.7693203253900053
0,0,1,0.0703495691853117,0.202024672818822,0.0756390231361407,0.0333333333333333,0.4230769230769232,0.1111111111111111,0.4368131868131868,0.0408074742771581,0.1491860551549839,0.7056966369251887,1,1,0.7640582016874481
0,0,0,0.2034956673125706,0.0074646925440155,0.0307772543733634,0.2666666666666666,0.4230769230769232,0.6666666666666665,0.412087912087912,0.0043275248004161,0.0338214524641343,0.5681079844429193,1,1,0.6414411359410092
0,0,0,0.0,0.0,0.0099113192049814,0.0333333333333333,0.4768197583614587,0.1111111111111111,0.4945054945054945,0.0408074742771581,0.1763316120226183,0.7811484786090139,0,1,0.798073318075236
0,0,0,0.0801112389586315,0.0091222937230761,0.0323421995109921,0.3666666666666666,0.3461538461538462,0.2222222222222222,0.3708791208791209,0.0120339345943738,0.1763316120226183,0.5991763898421414,0,1,0.7051726178026851
1,0,0,0.0053007579897417,0.0010835461663968,0.0190401658411486,0.0,0.4615384615384616,0.1111111111111111,0.5495921604169027,0.1575907629231113,0.1763316120226183,0.8878975062914665,1,1,0.7378420239943428
0,0,0,0.0580792960609095,0.0005213005395181,0.035993738165459,0.4,0.5384615384615385,0.0,0.6648351648351648,0.0162152149515057,0.1203449044822715,0.7750249696274032,0,0,0.14216007847774206
0,0,0,0.0,0.0,0.0190401658411486,0.2333333333333333,0.4621013133208256,0.0,0.6593406593406593,0.0408074742771581,0.1419757674868058,0.7750249696274032,0,0,0.27992524667333024
0,0,0,0.0,0.0,0.0453834171419868,0.6666666666666666,0.5000000000000001,0.0,0.4617933612778974,0.0408074742771581,0.4236973165836616,0.7460535346602608,1,1,0.6756907321899003
0,0,0,0.0927087259104967,0.0037873137054504,0.0299947818045491,0.3,0.5384615384615385,0.2222222222222222,0.4505494505494506,0.0087793199089798,0.1763316120226183,0.6724090597117365,1,1,0.6154130951428814
0,0,0,0.1565686850673711,0.0134343709238105,0.0333854962694112,0.4,0.5000000000000001,0.2222222222222222,0.2582417582417582,0.0059031309872671,0.1763316120226183,0.550354609929078,0,1,0.7502780365783098
0,0,0,0.0,0.0,0.0198226384099629,0.2333333333333333,0.4615384615384616,0.0,0.6401098901098902,0.0408074742771581,0.0554523154686686,0.7750249696274032,1,0,0.2554110012973152
0,0,0,0.0001568257993423,0.0004997238646059,0.0224158817471158,0.2424626385309384,0.440470834159373,0.1111111111111111,0.5839572226018297,0.0408074742771581,0.1763316120226183,0.9434162258350676,1,1,0.6760914242903702
0,0,0,0.0094123185575761,0.000480817854527,0.0194226095065243,0.0755312641654746,0.4615384615384616,0.1111111111111111,0.5855451497946438,0.0373821855266172,0.1763316120226183,0.945981612855149,1,1,0.7346553260900629
0,0,0,0.0189507595215626,0.007283512417316,0.0200834625995676,0.1666666666666666,0.5,0.1111111111111111,0.4010989010989011,0.0420571617707731,0.1763316120226183,0.6479981697552049,1,1,0.8085020654568122
0,0,0,0.0314118991984694,0.0027626722059985,0.0177360448931247,0.1333333333333333,0.5,0.2222222222222222,0.532967032967033,0.0205416937028253,0.1763316120226183,0.8610386639212995,0,1,0.7102420772298784
0,0,0,0.0409009136867465,0.0,0.0307772543733634,0.3666666666666666,0.5,0.2222222222222222,0.6126373626373627,0.0204066230156625,0.0698728908050249,0.9897506291466484,0,0,0.2101039046733124
0,0,1,0.0236134534926169,0.0003787363941737,0.0216484077371963,0.3,0.6153846153846155,0.2222222222222222,0.6098901098901099,0.0266750962079374,0.0338214524641343,0.985312285518188,0,0,0.2370792505033991
0,0,0,0.0494880735201213,0.0033413263193074,0.0238402611035198,0.2800074297624008,0.5153931881873856,0.0,0.5110012578501113,0.0215119710796238,0.1763316120226183,0.8681439708274694,1,1,0.7374102063251303
0,0,0,0.0,0.0,0.0425143429055783,0.6666666666666666,0.4615384615384616,0.0,0.6318681318681318,0.0408074742771581,0.0482420278004906,0.7750249696274032,1,0,0.13844861009452641
1,1,0,0.0,0.0,0.0297339576149443,0.4,0.5384615384615385,0.0,0.6019882179675994,0.0408074742771581,0.1763316120226183,0.9725463280713796,1,0,0.24175677869234652
0,0,1,0.1749250136614767,0.5517761368962506,0.25639018653225,0.4,0.4615384615384616,0.1111111111111111,0.410813413390733,0.0408074742771581,0.1763316120226183,0.821551132463967,1,1,0.9197735713772364
1,0,0,0.0109069181694405,0.0086886968238489,0.0318205511317825,0.3666666666666666,0.5,0.7777777777777777,0.5,0.0408074742771581,0.1763316120226183,0.8077785403797758,1,1,0.781803053098507
1,0,0,0.0,0.0,0.0224308803060106,0.0,0.3461538461538462,0.7777777777777777,0.6620879120879121,0.0408074742771581,0.1131346168140935,0.7750249696274032,1,0,0.2959464405354336
0,0,0,0.0059611105627853,0.0007779803156372,0.0261929375487609,0.2141242763884822,0.5704041801283929,0.2222222222222222,0.4763624890086171,0.1504953101880932,0.1862519554390094,0.7695907921261154,1,1,0.7219277318510903
0,0,0,0.009161800660814,0.0006019640727417,0.0294731334253396,0.3333333333333333,0.576923076923077,0.0,0.6515520561912315,0.0824780403690578,0.0854827919423177,0.7750249696274032,0,0,0.21822640392141732
0,1,1,0.0119430691131575,0.000601991161599,0.0352112655966446,0.3333333333333333,0.5000000000000001,0.1111111111111111,0.674209810807749,0.0733710846515254,0.1449490819891474,0.8878975062914665,0,0,0.12468774203269471
0,0,0,0.047254186256444,0.003242887486238,0.0370370349238781,0.4666666666666667,0.6153846153846154,0.2222222222222222,0.4642857142857143,0.0228224739166912,0.1763316120226183,0.7500800732097919,0,1,0.5238846985360339
1,0,0,0.0,0.0,0.0140845062386578,0.1666666666666666,0.5,0.2222222222222222,0.7115384615384616,0.0408074742771581,0.2429197948412992,0.7750249696274032,1,0,0.22604623957430386
0,0,0,0.0163603772541608,0.0,0.0164319239451008,0.0666666666666666,0.5,0.1111111111111111,0.5384615384615385,0.0301801319753682,0.1763316120226183,0.86991535117822,1,1,0.7633101738694308
0,0,0,0.0365381542719451,0.0097916526600298,0.0219092319268011,0.1,0.5384615384615385,0.0,0.2912087912087912,0.0229349734116617,0.1763316120226183,0.6724090597117365,1,1,0.9008400579644745
0,0,0,0.0812837371773069,0.0100844905960361,0.0318205511317825,0.2666666666666666,0.4768197583614587,0.1111111111111111,0.3406593406593406,0.011982581953562,0.1763316120226183,0.550354609929078,0,1,0.7690046431913659
0,0,1,0.1511152161664323,0.190977386028897,0.049817420214512,0.0,0.4615384615384616,0.0,0.8993712473093917,0.0178812508528721,0.7358953393295176,0.7750249696274032,0,0,0.025843195641519684
0,0,0,0.0262038553924557,0.0041387784540883,0.0271257157188966,0.1999999999999999,0.4768197583614587,1.0,0.532967032967033,0.0408074742771581,0.1763316120226183,0.8610386639212995,0,0,0.3877053045605688
0,0,0,0.017846094177831,0.0037712257975521,0.0184769814972934,0.1175309628805994,0.5586895725545379,0.2222222222222222,0.4820716239384122,0.0307551082949807,0.1763316120226183,0.7788142254869574,1,1,0.7661854943187434
1,1,1,0.0,0.0,0.023213352874825,0.2333333333333333,0.4615384615384616,0.2222222222222222,0.5637532570522261,0.0408074742771581,0.1763316120226183,0.9107755662319836,0,0,0.20007022595602642
0,0,0,0.0829743059597315,0.0007574404956361,0.0263432431500823,0.3333333333333333,0.5000000000000001,0.2222222222222222,0.6978021978021978,0.0086844918718214,0.2068683565004087,0.7750249696274032,1,0,0.10092676955625449
0,0,0,0.0703495593690931,0.0105344796276088,0.0206051109787772,0.2333333333333333,0.6153846153846155,0.1111111111111111,0.3928571428571429,0.0101557131604132,0.0626626031368468,0.6346831388698239,1,1,0.6862057447373938
0,0,1,0.3257893861803723,0.3521141994512189,0.6152842795791769,0.2666666666666666,0.4615384615384616,1.0,0.3489010989010989,0.0130448038295954,0.1763316120226183,0.563669640814459,1,1,0.8624366240926425
0,0,1,0.0410099816904947,0.0083524389215629,0.0271257157188966,0.4,0.4615384615384616,0.0,0.8406593406593407,0.0149629422252288,0.5818033152456701,0.7012582932967284,0,0,0.022304609251101015
0,0,0,0.0757484795438301,0.0042459010054003,0.0281690124773157,0.3666666666666666,0.6153846153846154,0.0,0.4258241758241758,0.0110404460106704,0.1763316120226183,0.6879432624113475,1,1,0.7260022038588805
1,0,0,0.0,0.0,0.0294731334253396,0.4333333333333333,0.4615384615384616,0.2222222222222222,0.7294380876855104,0.2417519063718134,0.2898981639782948,0.7750249696274032,0,0,0.1798882711146238
0,0,0,0.1881441911795721,0.0,0.0239958254436393,0.2333333333333333,0.5384615384615385,0.0,0.7252747252747253,0.0032722859861753,0.2789712331821898,0.7750249696274032,0,0,0.06130041662586435
0,0,0,0.0,0.0,0.0774647924633741,0.0,0.4615384615384616,0.0,0.7252747252747253,0.0408074742771581,0.2789712331821898,0.7750249696274032,0,0,0.15132261343809342
0,0,0,0.6023340729494044,0.0117445545083966,0.0211267593579868,0.3,0.4615442413173273,0.8888888888888888,0.3571428571428571,0.000762416046994,0.1491860551549839,0.5769846716998399,1,1,0.638991584468928
0,0,0,0.0,0.0,0.02895148504613,0.4,0.5384615384615385,0.0,0.5164835164835165,0.0408074742771581,0.1763316120226183,0.6879432624113475,1,1,0.6377584369083918
0,0,0,0.0,0.0,0.0271257157188966,0.0333333333333333,0.4615384615384616,0.7777777777777777,0.7124447717231223,0.0812574771645006,0.2452984464431725,0.8673072523450012,0,0,0.21066807972153123
0,0,1,0.0,0.0,0.0349504414070398,0.4333333333333333,0.5384615384615385,0.0,0.6071428571428572,0.0408074742771581,0.1763316120226183,0.72345001143903,1,0,0.23099830891754358
0,0,0,0.0947265085203844,0.0023362706683456,0.0117370885322148,0.1,0.5384615384615385,0.5555555555555556,0.576923076923077,0.0028044093963264,0.1763316120226183,0.9320521619766644,0,0,0.35857041816403706
0,0,1,0.3225718555292545,0.0022988000966331,0.0299947818045491,0.4,0.5000000000000001,0.1111111111111111,0.6538461538461539,0.0023259405035027,0.0915037538095592,0.7750249696274032,0,0,0.07248573947087684
0,0,0,0.0,0.0,0.0222448747398478,0.0,0.4581381452551675,0.0,0.5421803101468753,0.0408074742771581,0.1763316120226183,0.875923239106194,1,1,0.7796007746060526
0,0,0,0.0,0.0,0.0380803316822972,0.4333333333333333,0.4615384615384616,0.1111111111111111,0.6758241758241759,0.0408074742771581,0.1491860551549839,0.7750249696274032,1,0,0.1854224237776887
0,0,0,0.0,0.0,0.0328638478902016,0.2333333333333333,0.4615384615384616,0.2222222222222222,0.554945054945055,0.0408074742771581,0.1763316120226183,0.8965454129489819,1,1,0.6774282432133584
0,0,0,0.0725467623546986,0.1566496766169316,0.1072510304952192,0.6827352997354851,0.5570022689255598,0.4163344257789732,0.657622013583659,0.0321146171399559,0.1775982372661081,0.8125055907984053,1,0,0.1515219922673655
1,0,0,0.0,0.0,0.0367762107342733,0.5,0.5000000000000001,0.2222222222222222,0.6813186813186813,0.0408074742771581,0.1636066304913402,0.7750249696274032,0,0,0.28537367183319734
0,0,0,0.0,0.0,0.0179968690827294,0.1999999999999999,0.4615384615384616,0.5555555555555556,0.7506797326384955,0.0421936075990633,0.3456478108971976,0.7750249696274032,0,0,0.1335259056657063
0,0,1,0.0,0.0,0.0344287930278303,0.4333333333333333,0.5384615384615385,0.0,0.6291208791208791,0.0408074742771581,0.0266111647959562,0.7750249696274032,0,0,0.21826902466451517
0,0,0,0.0,0.0,0.010432967584191,0.1333333333333333,0.5384615384615385,0.1111111111111111,0.5741758241758242,0.0408074742771581,0.0915037538095592,0.9631205673758864,0,1,0.6809535588867587
0,0,0,0.0,0.0,0.008085549877748,0.0,0.3846153846153847,0.0,0.5412087912087913,0.0408074742771581,0.1763316120226183,0.8743536948066803,1,1,0.7840523756293828
0,0,1,0.4719692334582706,0.0006082279028278,0.0320813753213873,0.4333333333333333,0.5,0.0,0.576923076923077,0.0015526589595507,0.1763316120226183,0.9054221002059024,0,0,0.09889547233909074
0,0,0,0.0273763437949125,0.0043651448018916,0.0331246720798064,0.1,0.4615384615384616,0.2222222222222222,0.521978021978022,0.0482991336504211,0.1763316120226183,0.8432852894074583,0,1,0.7430753815363917
0,0,0,0.0,0.0,0.0125359956473784,0.0,0.4768197583614587,0.0,0.6142916818794849,0.0408074742771581,0.1763316120226183,0.9553553714724324,1,1,0.6882111906225248
0,0,1,0.0517260234912121,0.0072990316354269,0.0213875835475915,0.1999999999999999,0.4768197583614587,0.2222222222222222,0.4368131868131868,0.0134500214448029,0.1763316120226183,0.7056966369251887,1,1,0.5411671988455292
0,0,0,0.0193597620815636,0.0031327463837627,0.023213352874825,0.2333333333333333,0.5000000000000002,0.2222222222222222,0.4945054945054945,0.0393477455341908,0.1763316120226183,0.7989018531228552,1,1,0.7249176576499347
0,0,0,0.0037871167295524,0.0024135407974173,0.0273865399085014,0.3666666666666666,0.5,0.2222222222222222,0.4807692307692308,0.3302756113829824,0.293391808518546,0.7767101349805536,1,1,0.6008588978433776
0,0,0,0.0053989201747369,0.0087596519376584,0.0294731334253396,0.3,0.6153846153846155,0.2222222222222222,0.4423076923076923,0.0408074742771581,0.1763316120226183,0.7145733241821094,1,1,0.735613900199631
0,0,0,0.0,0.0,0.0252999463916632,0.3333333333333333,0.5384615384615385,0.1111111111111111,0.6620879120879121,0.0408074742771581,0.1131346168140935,0.7750249696274032,1,0,0.22640193242613665
0,0,0,0.0269400717799198,0.006185446624278,0.016171099755496,0.1,0.4768197583614587,0.2222222222222222,0.3406593406593406,0.0264995944749928,0.1763316120226183,0.550354609929078,1,1,0.7938123893023701
1,1,0,0.0181054653141318,0.0003475441194399,0.035993738165459,0.4666666666666667,0.6153846153846154,0.0,0.6317265209017786,0.0516317543110838,0.0334497881513416,0.7750249696274032,0,0,0.07419706264031609
0,0,0,0.0022722582582692,0.0,0.0326030237005969,0.4333333333333333,0.5,0.0,0.6923076923076923,0.3963949604268013,0.1924477811640526,0.7750249696274032,0,0,0.15408689872126025
0,0,0,0.0,0.0,0.0367762107342733,0.4666666666666667,0.5384615384615385,0.0,0.6181318681318682,0.0408074742771581,0.1763316120226183,0.9986273164035688,0,0,0.4426768589170174
0,0,0,0.0163603772541608,0.0,0.0276473640981061,0.1999999999999999,0.5384615384615384,0.0,0.6813186813186813,0.0465786619815405,0.1672117743254292,0.8210935712651567,0,0,0.23738072098469487
1,1,0,0.0091072715670492,0.0001737564200781,0.0333854962694112,0.3,0.7692307692307694,0.0,0.6189815339299876,0.0980701600536133,0.0,1.0,0,0,0.08413088482573519
0,0,0,0.0460816978539871,0.0022988000966331,0.0299947818045491,0.3,0.576923076923077,0.2222222222222222,0.5741758241758242,0.0182837560213541,0.1763316120226183,0.927613818348204,0,0,0.425966523929812
0,0,0,0.0,0.0,0.0745957263777216,0.6,0.5,0.4444444444444445,0.6181318681318682,0.0408074742771581,0.1763316120226183,0.9986273164035688,0,0,0.08128214336738016
0,0,0,0.0447455927215802,0.0060140688912164,0.0193009900307533,0.2333333333333333,0.5384615384615385,0.0,0.4725274725274725,0.0137989468570605,0.0410317401323124,0.7633951040951727,1,1,0.6471043802776445
1,0,0,0.0074167027846246,0.0013572171902837,0.0352112655966446,0.0666666666666666,0.5,0.3333333333333333,0.5255182961368529,0.1646288205682891,0.1763316120226183,0.8490048043925875,1,1,0.7337351287035425
0,0,0,0.0,0.0,0.0226917044956154,0.2666666666666666,0.4615384615384616,0.0,0.695054945054945,0.0408074742771581,0.1996580688322307,0.7750249696274032,0,0,0.22449647694279573
0,0,0,0.0194415606303202,0.0045155937634862,0.0323421995109921,0.4,0.576923076923077,0.2222222222222222,0.4615384615384615,0.0584627532899207,0.1763316120226183,0.7456417295813316,0,1,0.6422036430849664
0,1,0,0.0,0.0,0.0226917044956154,0.2333333333333333,0.5000000000000002,0.0,0.6189815339299876,0.0408074742771581,0.0,1.0,0,0,0.43815476525837166
0,0,1,0.0320115096848817,0.0403184126591437,0.0238012957166025,0.1548692314981353,0.5707107986063071,0.0,0.5434079666424825,0.0124582886378926,0.1763316120226183,0.7290479580328761,1,1,0.5222356894050909
0,0,0,0.0,0.0,0.0206051109787772,0.2666666666666666,0.4637520752628667,0.0,0.5989010989010989,0.0408074742771581,0.1763316120226183,0.9675589110043468,1,1,0.6795614561439607
1,0,0,0.0409009136867465,0.0,0.0237350012540345,0.3,0.5384615384615385,0.0,0.6758241758241759,0.0167333496495252,0.1491860551549839,0.7750249696274032,0,0,0.18943767347218424
0,1,0,0.0037301630298182,0.0022555812134401,0.005738132171305,0.0666666666666666,0.4768197583614587,0.3333333333333333,0.5637532570522261,0.0408074742771581,0.1763316120226183,0.9107755662319836,1,1,0.581095235602533
0,0,0,0.0,0.0,0.0250391222020584,0.2666666666666666,0.5,0.1111111111111111,0.6098901098901099,0.0408074742771581,0.1763316120226183,0.985312285518188,1,1,0.5949632540856686
0,1,0,0.0009270829399688,0.0004597694774024,0.0112154401530053,0.0666666666666666,0.4615384615384616,0.0,0.5226860768097882,0.0408074742771581,0.1763316120226183,0.8444291924044841,0,1,0.541387860739223
0,0,0,0.0695860735266374,0.0046490456238024,0.0221700561164059,0.0333333333333333,0.4768197583614587,0.2222222222222222,0.4423076923076923,0.0095752428232245,0.1763316120226183,0.7145733241821094,1,1,0.7590833592652483
0,0,0,0.045590886929011,0.0042945249137679,0.0297339576149443,0.3666666666666666,0.4768197583614587,0.0,0.4313186813186813,0.0210476928948234,0.1763316120226183,0.767833447723633,1,1,0.7937623028179449
1,0,0,0.0355989384859109,0.1134356667758122,0.3200313050973271,0.0,0.4615384615384616,0.1111111111111111,0.5934065934065934,0.0408074742771581,0.1763316120226183,0.9586822237474262,1,1,0.7500026906483352
0,0,0,0.1359415574884829,0.0772708628346692,0.1840002650738805,0.581168602346288,0.4303197683283508,0.0,0.3301876757597173,0.0072577418710612,0.1763316120226183,0.5334370375531503,1,1,0.6347560546052846
0,1,0,0.0015269716849115,0.0007574691994753,0.0221700561164059,0.3,0.5769230769230771,0.1111111111111111,0.5085249801744647,1.0,0.1763316120226183,0.821551132463967,1,0,0.017700302643741613
0,0,0,0.0,0.0,0.0106937917737957,0.0666666666666666,0.4768197583614587,0.2222222222222222,0.5552565990710321,0.0408074742771581,0.2397234817512822,0.8970487302676733,1,1,0.7995646207917669
0,0,0,0.3889403984047743,0.0111367825746128,0.0349504414070398,0.4666666666666667,0.5000000000000001,0.0,0.2802197802197803,0.0022011708854584,0.1763316120226183,0.4438343628460307,0,1,0.8345979747072814
0,0,0,0.1644227696375604,0.3871620916302015,0.4015575771796533,0.6065452736778527,0.4404196325929272,0.1111111111111111,0.4054046662112802,0.0180380296135555,0.1763316120226183,0.6949802892965053,1,1,0.6458501214173284
0,0,0,0.0972904478233932,0.0115019422819458,0.0268167521560027,0.0295511799327517,0.4615384615384616,0.4318372664425058,0.3050614363635002,0.009102236914909,0.1763316120226183,0.492844163583732,1,1,0.7645581855010269
0,0,0,0.0,0.0,0.0273865399085014,0.3666666666666666,0.5384615384615385,0.0,0.5824175824175825,0.0408074742771581,0.1763316120226183,0.940928849233585,1,1,0.6364208032579515
0,0,0,0.0,0.0,0.0305164301837587,0.3666666666666666,0.5,0.0,0.6181318681318682,0.0408074742771581,0.1763316120226183,0.9986273164035688,0,1,0.5538560798600994
